canonical_smiles,molecule_chembl_id,standard_type,standard_units,standard_value,type,units,value
O=C1NCCN1CCN1CCC(c2cn(-c3ccc(F)cc3)c3ccc(Cl)cc23)CC1,CHEMBL12713,IC50,nM,14.0,IC50,nM,14.0
O=C(CCCN1CC=C(n2c(=O)[nH]c3ccccc32)CC1)c1ccc(F)cc1,CHEMBL1108,IC50,nM,32.2,IC50,nM,32.2
O=C(O[C@@H]1C[C@@H]2C[C@H]3C[C@H](C1)N2CC3=O)c1c[nH]c2ccccc12,CHEMBL2368925,IC50,nM,5950.0,IC50,nM,5950.0
COc1ccc(CCN(C)CCCC(C#N)(c2ccc(OC)c(OC)c2)C(C)C)cc1OC,CHEMBL6966,IC50,nM,143.0,IC50,nM,143.0
CCCCN(CCCC)CCC(O)c1cc2c(Cl)cc(Cl)cc2c2cc(C(F)(F)F)ccc12,CHEMBL1107,IC50,nM,196.0,IC50,nM,196.0
CCOC(=O)N1CCC(=C2c3ccc(Cl)cc3CCc3cccnc32)CC1,CHEMBL998,IC50,nM,173.0,IC50,nM,173.0
O=C1NCCN1CCN1CCC(c2cn(-c3ccc(F)cc3)c3ccc(Cl)cc23)CC1,CHEMBL12713,IC50,nM,14.0,IC50,nM,14.0
COC(=O)[C@H]1[C@@H](OC(=O)c2ccccc2)C[C@@H]2CC[C@H]1N2C,CHEMBL370805,IC50,nM,4.4,IC50,nM,4.4
O=C1Cc2cc(CCN3CCN(c4nsc5ccccc45)CC3)c(Cl)cc2N1,CHEMBL708,IC50,nM,152.0,IC50,nM,152.0
COc1ccc(Cl)cc1C(=O)NCCc1ccc(S(=O)(=O)NC(=O)NC2CCCCC2)cc1,CHEMBL472,IC50,nM,74000.0,IC50,nM,74000.0
COCC(=O)O[C@]1(CCN(C)CCCc2nc3ccccc3[nH]2)CCc2cc(F)ccc2[C@@H]1C(C)C,CHEMBL45816,IC50,nM,1430.0,IC50,nM,1430.0
CCCc1nn(C)c2c(=O)[nH]c(-c3cc(S(=O)(=O)N4CCN(C)CC4)ccc3OCC)nc12,CHEMBL192,IC50,nM,100000.0,IC50,nM,100000.0
COc1c(N2C[C@@H]3CCCN[C@@H]3C2)c(F)cc2c(=O)c(C(=O)O)cn(C3CC3)c12,CHEMBL32,IC50,nM,129000.0,IC50,nM,129000.0
CN(C)CCC=C1c2ccccc2CCc2ccccc21,CHEMBL629,IC50,nM,10000.0,IC50,nM,10000.0
COc1c(N2CCNC(C)C2)c(F)cc2c(=O)c(C(=O)O)cn(C3CC3)c12,CHEMBL31,IC50,nM,130000.0,IC50,nM,130000.0
CC(C)COCC(CN(Cc1ccccc1)c1ccccc1)N1CCCC1,CHEMBL1008,IC50,nM,550.0,IC50,nM,550.0
CN(CCOc1ccc(NS(C)(=O)=O)cc1)CCc1ccc(NS(C)(=O)=O)cc1,CHEMBL473,IC50,nM,15.0,IC50,nM,15.0
Cc1c(F)c(N2CCNC(C)C2)cc2c1c(=O)c(C(=O)O)cn2C1CC1,CHEMBL583,IC50,nM,104000.0,IC50,nM,104000.0
COc1ccc(CCN2CCC(Nc3nc4ccccc4n3Cc3ccc(F)cc3)CC2)cc1,CHEMBL296419,IC50,nM,0.9,IC50,nM,0.9
O=C(CCCN1CCC(O)(c2ccc(Cl)cc2)CC1)c1ccc(F)cc1,CHEMBL54,IC50,nM,28.1,IC50,nM,28.1
Fc1ccc(Cn2c(NC3CCNCC3)nc3ccccc32)cc1,CHEMBL61301,IC50,nM,28.0,IC50,nM,28.0
CC(C)(C)c1ccc(C(O)CCCN2CCC(C(O)(c3ccccc3)c3ccccc3)CC2)cc1,CHEMBL17157,IC50,nM,204.0,IC50,nM,204.0
CN1C2CCCC1CC(NC(=O)c1nn(C)c3ccccc13)C2,CHEMBL289469,IC50,nM,3730.0,IC50,nM,3730.0
C1CCC(C(CC2CCCCN2)C2CCCCC2)CC1,CHEMBL75880,IC50,nM,7800.0,IC50,nM,7800.0
O=c1[nH]c2ccccc2n1C1CCN(CCCC(c2ccc(F)cc2)c2ccc(F)cc2)CC1,CHEMBL1423,IC50,nM,18.0,IC50,nM,18.0
CN1CCN(C2=Nc3cc(Cl)ccc3Nc3ccccc32)CC1,CHEMBL42,IC50,nM,191.0,IC50,nM,191.0
COc1cc(N)c(Cl)cc1C(=O)NC1CCN(CCCOc2ccc(F)cc2)CC1OC,CHEMBL1729,IC50,nM,6.5,IC50,nM,6.5
CC(C)(C(=O)O)c1ccc(C(O)CCCN2CCC(C(O)(c3ccccc3)c3ccccc3)CC2)cc1,CHEMBL914,IC50,nM,21570.0,IC50,nM,21570.0
Cc1cccc(CCN2CCC(C(=O)c3ccc(NS(C)(=O)=O)cc3)CC2)n1,CHEMBL327980,IC50,nM,7.7,IC50,nM,7.7
C[C@@H]1CN(c2c(F)c(N)c3c(=O)c(C(=O)O)cn(C4CC4)c3c2F)C[C@H](C)N1,CHEMBL850,IC50,nM,34400.0,IC50,nM,34400.0
CN(C)CCCN1c2ccccc2Sc2ccc(Cl)cc21,CHEMBL71,IC50,nM,1470.0,IC50,nM,1470.0
O=c1[nH]c2ccccc2n1CCCN1CCC(n2c(=O)[nH]c3cc(Cl)ccc32)CC1,CHEMBL219916,IC50,nM,162.0,IC50,nM,162.0
COc1ccc([C@@H]2Sc3ccccc3N(CCN(C)C)C(=O)[C@@H]2OC(C)=O)cc1,CHEMBL23,IC50,nM,17300.0,IC50,nM,17300.0
Cc1nc2n(c(=O)c1CCN1CCC(c3noc4cc(F)ccc34)CC1)CCCC2,CHEMBL85,IC50,nM,163.0,IC50,nM,163.0
CN(c1nccc(=O)[nH]1)C1CCN(c2nc3ccccc3n2Cc2ccc(F)cc2)CC1,CHEMBL94454,IC50,nM,350.0,IC50,nM,350.0
CN1CCN(CCCCN2C(=O)CN(/N=C/c3ccc(-c4ccc(Cl)cc4)o3)C2=O)CC1,CHEMBL123558,IC50,nM,560.0,IC50,nM,560.0
CSc1ccc2c(c1)N(CCC1CCCCN1C)c1ccccc1S2,CHEMBL479,IC50,nM,35.7,IC50,nM,35.7
CN(C)CCCN1c2ccccc2CCc2ccccc21,CHEMBL11,IC50,nM,3400.0,IC50,nM,3400.0
CN1C(=O)[C@H](NC(=O)C(N)Cc2ccccc2)N=C(c2ccccc2)c2ccccc21,CHEMBL338109,IC50,nM,8800.0,IC50,nM,8800.0
O=C(Cc1ccc(C(F)(F)F)cc1C(F)(F)F)N[C@@H]1N=C(c2ccccc2)c2ccccc2N(CC(F)(F)F)C1=O,CHEMBL16900,IC50,nM,6000.0,IC50,nM,6000.0
CN1C(=O)[C@H](NC(=O)CCC2CCCCC2)N=C(c2ccccc2)c2ccccc21,CHEMBL340353,IC50,nM,1000.0,IC50,nM,1000.0
CN1C(=O)[C@H](NC(=O)/C=C/c2ccc(Cl)cc2Cl)N=C(c2ccccc2)c2ccccc21,CHEMBL332826,IC50,nM,1500.0,IC50,nM,1500.0
O=C(Cc1ccc(Cl)cc1Cl)N[C@@H]1N=C(c2ccccc2)c2ccccc2N(CC(F)(F)F)C1=O,CHEMBL127701,IC50,nM,2400.0,IC50,nM,2400.0
Cc1cccc(NC(=O)N[C@@H]2N=C(c3ccccc3)c3ccccc3N(C)C2=O)c1,CHEMBL9387,IC50,nM,5000.0,IC50,nM,5000.0
O=C(Cc1cc(Cl)cc(Cl)c1)N[C@@H]1N=C(c2ccccc2)c2ccccc2N(CC(F)(F)F)C1=O,CHEMBL339327,IC50,nM,4000.0,IC50,nM,4000.0
Cc1cccc(NC(=O)N[C@H]2N=C(c3ccccc3)c3ccccc3N(C)C2=O)c1,CHEMBL70380,IC50,nM,10000.0,IC50,nM,10000.0
CN(C)CCN1C(=O)C(NC(=O)CCc2ccc(Cl)cc2Cl)N=C(c2ccccc2)c2ccccc21,CHEMBL128007,IC50,nM,100.0,IC50,nM,100.0
O=C1NCCN1CCN1CCC(c2cn(-c3ccccc3)c3ccc(Cl)cc23)CC1,CHEMBL443476,IC50,nM,88.0,IC50,nM,88.0
O=C1NCCN1CCN1CCC(c2cn(C3CCCCC3)c3ccc(Cl)cc23)CC1,CHEMBL53661,IC50,nM,137.0,IC50,nM,137.0
CCC(CC)c1cn(-c2ccc(F)cc2)c2ccc(Cl)cc12,CHEMBL299390,IC50,nM,1480.0,IC50,nM,1480.0
O=C1NCCN1CCN1CC=C(c2cn(-c3ccc(F)cc3)c3ccc(Cl)cc23)CC1,CHEMBL12186,IC50,nM,10.0,IC50,nM,10.0
CC(C)(C)c1ccc2c(ccn2-c2ccc(F)cc2)c1,CHEMBL299590,IC50,nM,10000.0,IC50,nM,10000.0
O=C1NCCN1CCN1CCC(C2CN(c3ccc(F)cc3)c3ccccc32)CC1,CHEMBL556312,IC50,nM,23.5,IC50,nM,23.5
COc1cc(N)c(Cl)cc1C(=O)NC1CCN(CCCOc2ccc(F)cc2)CC1OC,CHEMBL1729,IC50,nM,45.0,IC50,nM,45.0
COc1ccc(CCN(C)CCCC(C#N)(c2ccc(OC)c(OC)c2)C(C)C)cc1OC,CHEMBL6966,IC50,nM,143.0,IC50,nM,143.0
O=C(O)Cc1ccc(-n2cc(C3CCN(CCN4CCNC4=O)CC3)c3cc(Cl)ccc32)cc1,CHEMBL55835,IC50,nM,579.0,IC50,nM,579.0
CC(C)(C)c1ccc(C(O)CCCN2CCC(C(O)(c3ccccc3)c3ccccc3)CC2)cc1,CHEMBL17157,IC50,nM,56.0,IC50,nM,56.0
Fc1ccc(-n2cc(C3CCN(CCN4CCN=C4S)CC3)c3ccccc32)cc1,CHEMBL298978,IC50,nM,6.2,IC50,nM,6.2
CCC(O)(CC)c1cn(-c2ccc(F)cc2)c2ccc(Cl)cc12,CHEMBL53871,IC50,nM,15700.0,IC50,nM,15700.0
O=C(O)c1ccc(-n2cc(C3CCN(CCN4CCNC4=O)CC3)c3cc(Cl)ccc32)cc1,CHEMBL300927,IC50,nM,75000.0,IC50,nM,75000.0
CN(CCOc1ccc(NS(C)(=O)=O)cc1)CCc1ccc(NS(C)(=O)=O)cc1,CHEMBL473,IC50,nM,10.0,IC50,nM,10.0
CC(=O)c1cn(-c2ccc(F)cc2)c2ccc(Cl)cc12,CHEMBL301992,IC50,nM,10000.0,IC50,nM,10000.0
CCCc1cn(-c2ccc(F)cc2)c2ccc(Cl)cc12,CHEMBL52348,IC50,nM,26000.0,IC50,nM,26000.0
CCC(O)c1cn(-c2ccc(F)cc2)c2ccc(Cl)cc12,CHEMBL53866,IC50,nM,2200.0,IC50,nM,2200.0
CC(C)c1cn(-c2ccc(F)cc2)c2ccc(Cl)cc12,CHEMBL53089,IC50,nM,10000.0,IC50,nM,10000.0
CN(C)Cc1cn(-c2ccc(F)cc2)c2ccc(Cl)cc12,CHEMBL301956,IC50,nM,11.0,IC50,nM,11.0
CCC(=O)c1cn(-c2ccc(F)cc2)c2ccc(Cl)cc12,CHEMBL53321,IC50,nM,1947.0,IC50,nM,1947.0
CC(C)(C(=O)O)c1ccc(C(O)CCCN2CCC(C(O)(c3ccccc3)c3ccccc3)CC2)cc1,CHEMBL914,IC50,nM,23000.0,IC50,nM,23000.0
CC(O)c1cn(-c2ccc(F)cc2)c2ccc(Cl)cc12,CHEMBL52794,IC50,nM,4550.0,IC50,nM,4550.0
O=C(CCCN1CCC(O)(c2ccc(Cl)cc2)CC1)c1ccc(F)cc1,CHEMBL54,IC50,nM,32.0,IC50,nM,32.0
O=C1NCCN1CCN1CCC(c2cn(-c3ccc(F)cc3)c3ccccc23)CC1,CHEMBL12780,IC50,nM,7.0,IC50,nM,7.0
CCc1cn(-c2ccc(F)cc2)c2ccc(Cl)cc12,CHEMBL300907,IC50,nM,3500.0,IC50,nM,3500.0
COC(=O)Cc1ccc(-n2cc(C3CCN(CCN4CCNC4=O)CC3)c3cc(Cl)ccc32)cc1,CHEMBL415944,IC50,nM,131.0,IC50,nM,131.0
CS(=O)(=O)Nc1ccc2c(c1)C(O)CC1(CCN(C3CCc4cc(C#N)ccc4C3)CC1)O2,CHEMBL52627,IC50,nM,34.0,IC50,nM,34.0
CC(C)(O)c1ccc(C(O)CCCN2CCC(C(O)(c3ccccc3)c3ccccc3)CC2)cc1,CHEMBL52832,IC50,nM,460.0,IC50,nM,460.0
COC(=O)c1ccc(-n2cc(C3CCN(CCN4CCNC4=O)CC3)c3cc(Cl)ccc32)cc1,CHEMBL52999,IC50,nM,36.0,IC50,nM,36.0
Fc1ccc(-n2cc(C3CCNCC3)c3cc(Cl)ccc32)cc1,CHEMBL273235,IC50,nM,204.0,IC50,nM,204.0
O=C1NCCN1CCN1CCC(c2cn(-c3ccc(F)cc3)c3ccc(Cl)cc23)CC1,CHEMBL12713,IC50,nM,3.0,IC50,nM,3.0
O=c1[nH]c2ccccc2n1C1CCN(CCCC(c2ccc(F)cc2)c2ccc(F)cc2)CC1,CHEMBL1423,IC50,nM,18.0,IC50,nM,18.0
COc1cc(N)c(Cl)cc1C(=O)NC1CCN(CCCOc2ccc(F)cc2)CC1OC,CHEMBL1729,IC50,nM,47.0,IC50,nM,47.0
O=C1NCCN1CCN1CCC(c2cn(-c3ccc(F)cc3)c3ccc(Cl)cc23)CC1,CHEMBL12713,IC50,nM,3.0,IC50,nM,3.0
Cc1c(F)c(N2CCNC(C)C2)cc2c1c(=O)c(C(=O)O)cn2C1CC1,CHEMBL583,IC50,nM,50000.0,IC50,uM,50.0
O=c1[nH]c2ccccc2n1C1CCN(CCCC(c2ccc(F)cc2)c2ccc(F)cc2)CC1,CHEMBL1423,IC50,nM,18.0,IC50,nM,18.0
COc1ccc(CCN2CCC(Nc3nc4ccccc4n3Cc3ccc(F)cc3)CC2)cc1,CHEMBL296419,IC50,nM,0.9,IC50,nM,0.9
CC(C)(C)c1ccc(C(O)CCCN2CCC(C(O)(c3ccccc3)c3ccccc3)CC2)cc1,CHEMBL17157,IC50,nM,56.0,IC50,nM,56.0
CSc1ccc2c(c1)N(CCC1CCCCN1C)c1ccccc1S2,CHEMBL479,IC50,nM,191.0,IC50,nM,191.0
COC(=O)C1=C(C)NC(C)=C(C(=O)OC)C1c1ccccc1[N+](=O)[O-],CHEMBL193,IC50,nM,50118.72,pIC50,,4.3
CN(CCOc1ccc(NS(C)(=O)=O)cc1)CCc1ccc(NS(C)(=O)=O)cc1,CHEMBL473,IC50,nM,10.0,pIC50,,8.0
CCOC(=O)N1CCC(=C2c3ccc(Cl)cc3CCc3cccnc32)CC1,CHEMBL998,IC50,nM,169.82,pIC50,,6.77
Oc1ccc(CCN2CCC(Nc3nc4ccccc4n3Cc3ccc(F)cc3)CC2)cc1,CHEMBL60796,IC50,nM,1.0,pIC50,,9.0
Cc1[nH]cnc1CN1CCc2c(c3ccccc3n2C)C1=O,CHEMBL1110,IC50,nM,3235.94,pIC50,,5.49
CC(C)COCC(CN(Cc1ccccc1)c1ccccc1)N1CCCC1,CHEMBL1008,IC50,nM,549.54,pIC50,,6.26
COc1ccccc1OCCNCC(O)COc1cccc2[nH]c3ccccc3c12,CHEMBL723,IC50,nM,10471.29,pIC50,,4.98
CSc1ccc([C@H]2N=C(OCc3ccc(NS(C)(=O)=O)cc3)N(C)Cc3ccccc32)cc1.Cl,CHEMBL2093896,IC50,nM,21000.0,IC50,uM,21.0
C[C@H]1COc2c(N3CCN(C)CC3)c(F)cc3c(=O)c(C(=O)O)cn1c23.C[C@H]1COc2c(N3CCN(C)CC3)c(F)cc3c(=O)c(C(=O)O)cn1c23.O,CHEMBL5315124,IC50,nM,912010.84,pIC50,,3.04
CCCCN(CCCC)CCC(O)c1cc2c(Cl)cc(Cl)cc2c2cc(C(F)(F)F)ccc12,CHEMBL1107,IC50,nM,199.53,pIC50,,6.7
C1CCC(C(CC2CCCCN2)C2CCCCC2)CC1,CHEMBL75880,IC50,nM,7762.47,pIC50,,5.11
CN(C)CCCC1(c2ccc(F)cc2)OCc2cc(C#N)ccc21,CHEMBL549,IC50,nM,3981.07,pIC50,,5.4
CSc1ccc([C@@H]2N=C(OCc3ccc(NS(C)(=O)=O)cc3)N(C)Cc3ccccc32)cc1.Cl,CHEMBL3350235,IC50,nM,56000.0,IC50,uM,56.0
COc1ccc(CCN2CCC(Nc3nc4ccccc4n3Cc3ccc(F)cc3)CC2)cc1,CHEMBL296419,IC50,nM,6.026,pIC50,,8.22
O=C(O[C@H]1C[C@@H]2C[C@@H]3C[C@@H](C1)N2CC3=O)C1CNc2ccccc21,CHEMBL319742,IC50,nM,5888.44,pIC50,,5.23
COC(=O)[C@H]1[C@@H](OC(=O)c2ccccc2)C[C@@H]2CC[C@H]1N2C,CHEMBL370805,IC50,nM,7244.36,pIC50,,5.14
CCCCCCCN(CC)CCCC(O)c1ccc(NS(C)(=O)=O)cc1,CHEMBL533,IC50,nM,10.0,pIC50,,8.0
COCC(=O)O[C@]1(CCN(C)CCCc2nc3ccccc3[nH]2)CCc2cc(F)ccc2[C@@H]1C(C)C,CHEMBL45816,IC50,nM,1445.44,pIC50,,5.84
COc1cc(N)c(Cl)cc1C(=O)NC1CCN(CCCOc2ccc(F)cc2)CC1OC,CHEMBL1729,IC50,nM,39.81,pIC50,,7.4
CC(C)N(CCC(C(N)=O)(c1ccccc1)c1ccccn1)C(C)C,CHEMBL517,IC50,nM,91201.08,pIC50,,4.04
CC1COc2c(N3CCN(C)CC3)c(F)cc3c(=O)c(C(=O)O)cn1c23,CHEMBL4,IC50,nM,1412537.54,pIC50,,2.85
C[C@@H]1CN(c2c(F)c(N)c3c(=O)c(C(=O)O)cn(C4CC4)c3c2F)C[C@H](C)N1,CHEMBL850,IC50,nM,18197.01,pIC50,,4.74
CN1Cc2ccccc2[C@@H](c2ccccc2)N=C1OCc1ccc(NS(C)(=O)=O)cc1.O=C(O)/C=C/C(=O)O,CHEMBL1788206,IC50,nM,38000.0,IC50,uM,38.0
CN1Cc2ccccc2[C@H](c2ccc(F)cc2F)N=C1CCc1ccc(NS(C)(=O)=O)cc1.Cl,CHEMBL1788304,IC50,nM,85000.0,IC50,uM,85.0
CN(C)CCC(c1ccc(Cl)cc1)c1ccccn1,CHEMBL505,IC50,nM,20892.96,pIC50,,4.68
O=C(CCCN1CCC(O)(c2ccc(Cl)cc2)CC1)c1ccc(F)cc1,CHEMBL54,IC50,nM,30.2,pIC50,,7.52
CN(c1nccc(=O)[nH]1)C1CCN(c2nc3ccccc3n2Cc2ccc(F)cc2)CC1,CHEMBL94454,IC50,nM,436.52,pIC50,,6.36
COc1ccc(C(=O)N2CCN(c3ccc4c(c3)CCC(=O)N4)CC2)cc1OC,CHEMBL17423,IC50,nM,1096.48,pIC50,,5.96
Cl.OC(c1cc(C(F)(F)F)nc2c(C(F)(F)F)cccc12)C1CCCCN1,CHEMBL535650,IC50,nM,5623.41,pIC50,,5.25
O=C(O)c1cn(C2CC2)c2cc(N3CCNCC3)c(F)cc2c1=O,CHEMBL8,IC50,nM,954992.59,pIC50,,3.02
CN1CCN(C2=Nc3cc(Cl)ccc3Nc3ccccc32)CC1,CHEMBL42,IC50,nM,323.59,pIC50,,6.49
Clc1ccc2c(c1)N=C(N1CCNCC1)c1ccccc1N2,CHEMBL845,IC50,nM,4466.84,pIC50,,5.35
CSc1ccc2c(c1)N(CCC1CCCCN1C)c1ccccc1S2,CHEMBL479,IC50,nM,363.08,pIC50,,6.44
CN(C)CCCN1c2ccccc2Sc2ccc(Cl)cc21,CHEMBL71,IC50,nM,1479.11,pIC50,,5.83
CNCCC(Oc1ccc(C(F)(F)F)cc1)c1ccccc1,CHEMBL41,IC50,nM,1513.56,pIC50,,5.82
CCCCc1oc2ccccc2c1C(=O)c1cc(I)c(OCCN(CC)CC)c(I)c1,CHEMBL633,IC50,nM,10000.0,pIC50,,5.0
CN1CCN(CCCCN2C(=O)CN(/N=C/c3ccc(-c4ccc(Cl)cc4)o3)C2=O)CC1,CHEMBL123558,IC50,nM,1412.54,pIC50,,5.85
COc1c(N2CCNC(C)C2)c(F)cc2c(=O)c(C(=O)O)cn(C3CC3)c12,CHEMBL31,IC50,nM,128824.96,pIC50,,3.89
CC(C)(C)c1ccc(C(O)CCCN2CCC(C(O)(c3ccccc3)c3ccccc3)CC2)cc1,CHEMBL17157,IC50,nM,199.53,pIC50,,6.7
Cc1c(F)c(N2CCNC(C)C2)cc2c1c(=O)c(C(=O)O)cn2C1CC1,CHEMBL583,IC50,nM,50118.72,pIC50,,4.3
CCCc1nn(C)c2c(=O)[nH]c(-c3cc(S(=O)(=O)N4CCN(C)CC4)ccc3OCC)nc12,CHEMBL192,IC50,nM,3311.31,pIC50,,5.48
COc1cc(Cc2cnc(N)nc2N)cc(OC)c1OC,CHEMBL22,IC50,nM,239883.29,pIC50,,3.62
COc1ccc([C@@H]2Sc3ccccc3N(CCN(C)C)C(=O)[C@@H]2OC(C)=O)cc1,CHEMBL23,IC50,nM,17378.01,pIC50,,4.76
O=C(O)COCCN1CCN(C(c2ccccc2)c2ccc(Cl)cc2)CC1,CHEMBL1000,IC50,nM,30199.52,pIC50,,4.52
CN(C)CCOC(c1ccccc1)c1ccccc1,CHEMBL657,IC50,nM,26915.35,pIC50,,4.57
CC(=O)N1CCN(c2ccc(OCC3COC(Cn4ccnc4)(c4ccc(Cl)cc4Cl)O3)cc2)CC1,CHEMBL157101,IC50,nM,1905.46,pIC50,,5.72
COc1ccc(CCN(C)CCCC(C#N)(c2ccc(OC)c(OC)c2)C(C)C)cc1OC,CHEMBL6966,IC50,nM,141.25,pIC50,,6.85
CNCCCN1c2ccccc2CCc2ccccc21,CHEMBL72,IC50,nM,1513.56,pIC50,,5.82
Cc1nc2n(c(=O)c1CCN1CCC(c3noc4cc(F)ccc34)CC1)CCCC2,CHEMBL85,IC50,nM,151.36,pIC50,,6.82
CN(CCOc1ccc(NS(C)(=O)=O)cc1)CCc1ccc(NS(C)(=O)=O)cc1,CHEMBL473,IC50,nM,44000.0,IC50,uM,44.0
COc1ccc(CCN2CCC(Nc3nc4ccccc4n3Cc3ccc(F)cc3)CC2)cc1,CHEMBL296419,IC50,nM,10.0,pIC50,,8.0
CN1CCC[C@H]1c1cccnc1,CHEMBL3,IC50,nM,245470.89,pIC50,,3.61
O=c1[nH]c2ccccc2n1C1CCN(CCCC(c2ccc(F)cc2)c2ccc(F)cc2)CC1,CHEMBL1423,IC50,nM,50.12,pIC50,,7.3
O=C1NCCN1CCN1CCC(c2cn(-c3ccc(F)cc3)c3ccc(Cl)cc23)CC1,CHEMBL12713,IC50,nM,10.0,pIC50,,8.0
CC[C@H]1OC(=O)[C@H](C)[C@@H](O[C@H]2C[C@@](C)(OC)[C@@H](O)[C@H](C)O2)[C@H](C)[C@@H](O[C@@H]2O[C@H](C)C[C@H](N(C)C)[C@H]2O)[C@](C)(OC)C[C@@H](C)C(=O)[C@H](C)[C@@H](O)[C@]1(C)O,CHEMBL1741,IC50,nM,58884.37,pIC50,,4.23
CC[C@H]1OC(=O)[C@H](C)[C@@H](O[C@H]2C[C@@](C)(OC)[C@@H](O)[C@H](C)O2)[C@H](C)[C@@H](O[C@@H]2O[C@H](C)C[C@H](N(C)C)[C@H]2O)[C@](C)(OC)C[C@@H](C)C(=O)[C@H](C)[C@@H](O)[C@]1(C)O,CHEMBL1741,IC50,nM,33113.11,pIC50,,4.48
COc1c(N2C[C@@H]3CCCN[C@@H]3C2)c(F)cc2c(=O)c(C(=O)O)cn(C3CC3)c12,CHEMBL32,IC50,nM,128824.96,pIC50,,3.89
CCOC(=O)C1=C(C)NC(C)=C(C(=O)OC)C1c1cccc([N+](=O)[O-])c1,CHEMBL475534,IC50,nM,10000.0,pIC50,,5.0
O=C(CCCN1CC=C(n2c(=O)[nH]c3ccccc32)CC1)c1ccc(F)cc1,CHEMBL1108,IC50,nM,32.36,pIC50,,7.49
CN1CCCCC1CCN1c2ccccc2Sc2ccc([S+](C)[O-])cc21,CHEMBL1088,IC50,nM,323.59,pIC50,,6.49
COc1ccc(C2CCN(CC[C@H]3CCOc4ccccc43)CC2)cc1OC,CHEMBL96153,IC50,nM,251.19,pIC50,,6.6
CN(C)CCC=C1c2ccccc2CCc2ccccc21,CHEMBL629,IC50,nM,10000.0,pIC50,,5.0
COc1ccc(C2CCN(CCC3CCOc4ccccc43)CC2)cc1OC,CHEMBL94664,IC50,nM,199.53,pIC50,,6.7
CN1Cc2ccccc2[C@H](c2ccccc2)N=C1OCc1ccc(NS(C)(=O)=O)cc1.O=C(O)/C=C/C(=O)O,CHEMBL2092889,IC50,nM,29000.0,IC50,uM,29.0
NC1=NCC2c3ccccc3Cc3ccccc3N12,CHEMBL1106,IC50,nM,100000.0,pIC50,,4.0
Cc1nccn1CC1CCc2c(c3ccccc3n2C)C1=O,CHEMBL46,IC50,nM,812.83,pIC50,,6.09
C=C[C@H]1CN2CC[C@H]1C[C@@H]2[C@@H](O)c1ccnc2ccc(OC)cc12,CHEMBL1294,IC50,nM,323.59,pIC50,,6.49
Cc1cc2c(s1)Nc1ccccc1N=C2N1CCN(C)CC1,CHEMBL715,IC50,nM,181.97,pIC50,,6.74
CN1Cc2ccccc2[C@@H](c2ccc(F)cc2F)N=C1CCc1ccc(NS(C)(=O)=O)cc1.Cl,CHEMBL2092890,IC50,nM,38000.0,IC50,uM,38.0
O=C(NCC1CCCCN1)c1cc(OCC(F)(F)F)ccc1OCC(F)(F)F,CHEMBL652,IC50,nM,3890.45,pIC50,,5.41
Cl.O=C1Cc2cc(CCN3CCN(c4nsc5ccccc45)CC3)c(Cl)cc2N1,CHEMBL1712,IC50,nM,120.23,pIC50,,6.92
O=C(O[C@@H]1C[C@@H]2C[C@H]3C[C@H](C1)N2CC3=O)c1c[nH]c2ccccc12,CHEMBL2368925,IC50,nM,12022.64,pIC50,,4.92
Cc1cccc(CCN2CCC(C(=O)c3ccc(NS(C)(=O)=O)cc3)CC2)n1,CHEMBL327980,IC50,nM,19.95,pIC50,,7.7
CN(C)CCCN1c2ccccc2CCc2ccccc21,CHEMBL11,IC50,nM,3388.44,pIC50,,5.47
Fc1ccc(Cn2c(NC3CCNCC3)nc3ccccc32)cc1,CHEMBL61301,IC50,nM,28.18,pIC50,,7.55
CN(C)CCCn1nc(C2=C(c3cn(-c4ccc5ccccc5c4)c4ccccc34)C(=O)NC2=O)c2ccccc21,CHEMBL368895,IC50,nM,28.0,IC50,nM,28.0
CC(C)(Cc1ccc2ccccc2c1)NC[C@@H](O)COc1cccc(Cl)c1C#N,CHEMBL180672,IC50,nM,194.0,IC50,nM,194.0
CN(C)CCC=C1c2ccccc2CCc2ccccc21,CHEMBL629,IC50,nM,10000.0,Log IC50,,-5.0
COc1ccc(CCN2CCC(Nc3nc4ccccc4n3Cc3ccc(F)cc3)CC2)cc1,CHEMBL296419,IC50,nM,0.912,Log IC50,,-9.04
CN1CCN(CCCCN2C(=O)CN(/N=C/c3ccc(-c4ccc(Cl)cc4)o3)C2=O)CC1.Cl,CHEMBL537847,IC50,nM,562.34,Log IC50,,-6.25
CC(C)COCC(CN(Cc1ccccc1)c1ccccc1)N1CCCC1,CHEMBL1008,IC50,nM,549.54,Log IC50,,-6.26
COc1ccc([C@@H]2Sc3ccccc3N(CCN(C)C)C(=O)[C@@H]2OC(C)=O)cc1,CHEMBL23,IC50,nM,17378.01,Log IC50,,-4.76
O=C(O[C@@H]1C[C@@H]2C[C@H]3C[C@H](C1)N2CC3=O)c1c[nH]c2ccccc12,CHEMBL2368925,IC50,nM,6025.6,Log IC50,,-5.22
O=c1[nH]c2ccccc2n1CCCN1CCC(n2c(=O)[nH]c3cc(Cl)ccc32)CC1,CHEMBL219916,IC50,nM,162.18,Log IC50,,-6.79
O=C(CCCN1CC=C(n2c(=O)[nH]c3ccccc32)CC1)c1ccc(F)cc1,CHEMBL1108,IC50,nM,32.36,Log IC50,,-7.49
CC(C)(C(=O)O)c1ccc(C(O)CCCN2CCC(C(O)(c3ccccc3)c3ccccc3)CC2)cc1,CHEMBL914,IC50,nM,21379.62,Log IC50,,-4.67
COc1c(N2CCNC(C)C2)c(F)cc2c(=O)c(C(=O)O)cn(C3CC3)c12,CHEMBL31,IC50,nM,128824.96,Log IC50,,-3.89
Cc1c(F)c(N2CCNC(C)C2)cc2c1c(=O)c(C(=O)O)cn2C1CC1,CHEMBL583,IC50,nM,77624.71,Log IC50,,-4.11
CCCCN(CCCC)CCC(O)c1cc2c(Cl)cc(Cl)cc2c2cc(C(F)(F)F)ccc12,CHEMBL1107,IC50,nM,199.53,Log IC50,,-6.7
O=C(CCCN1CCC(O)(c2ccc(Cl)cc2)CC1)c1ccc(F)cc1,CHEMBL54,IC50,nM,28.18,Log IC50,,-7.55
COCC(=O)O[C@]1(CCN(C)CCCc2nc3ccccc3[nH]2)CCc2cc(F)ccc2[C@@H]1C(C)C,CHEMBL45816,IC50,nM,1445.44,Log IC50,,-5.84
COc1c(N2C[C@@H]3CCCN[C@@H]3C2)c(F)cc2c(=O)c(C(=O)O)cn(C3CC3)c12,CHEMBL32,IC50,nM,117489.76,Log IC50,,-3.93
Fc1ccc(Cn2c(NC3CCNCC3)nc3ccccc32)cc1,CHEMBL61301,IC50,nM,28.18,Log IC50,,-7.55
O=c1[nH]c2ccccc2n1C1CCN(CCCC(c2ccc(F)cc2)c2ccc(F)cc2)CC1,CHEMBL1423,IC50,nM,18.2,Log IC50,,-7.74
Cc1nc2n(c(=O)c1CCN1CCC(c3noc4cc(F)ccc34)CC1)CCCC2,CHEMBL85,IC50,nM,162.18,Log IC50,,-6.79
O=C1NCCN1CCN1CCC(c2cn(-c3ccc(F)cc3)c3ccc(Cl)cc23)CC1,CHEMBL12713,IC50,nM,14.13,Log IC50,,-7.85
C[C@@H]1CN(c2c(F)c(N)c3c(=O)c(C(=O)O)cn(C4CC4)c3c2F)C[C@H](C)N1,CHEMBL850,IC50,nM,26302.68,Log IC50,,-4.58
COc1ccc(CCN(C)CCCC(C#N)(c2ccc(OC)c(OC)c2)C(C)C)cc1OC,CHEMBL6966,IC50,nM,144.54,Log IC50,,-6.84
CN(C)CCCN1c2ccccc2Sc2ccc(Cl)cc21,CHEMBL71,IC50,nM,1479.11,Log IC50,,-5.83
COc1cc(N)c(Cl)cc1C(=O)NC1CCN(CCCOc2ccc(F)cc2)CC1OC,CHEMBL1729,IC50,nM,6.457,Log IC50,,-8.19
CN1CCN(C2=Nc3cc(Cl)ccc3Nc3ccccc32)CC1,CHEMBL42,IC50,nM,5754.4,Log IC50,,-5.24
COC(=O)[C@H]1[C@@H](OC(=O)c2ccccc2)C[C@@H]2CC[C@H]1N2C,CHEMBL370805,IC50,nM,5754.4,Log IC50,,-5.24
CN1C2CCCC1CC(NC(=O)c1nn(C)c3ccccc13)C2,CHEMBL289469,IC50,nM,3801.89,Log IC50,,-5.42
CN(C)CCCN1c2ccccc2CCc2ccccc21,CHEMBL11,IC50,nM,3388.44,Log IC50,,-5.47
CN(c1nccc(=O)[nH]1)C1CCN(c2nc3ccccc3n2Cc2ccc(F)cc2)CC1,CHEMBL94454,IC50,nM,354.81,Log IC50,,-6.45
C1CCC(C(CC2CCCCN2)C2CCCCC2)CC1,CHEMBL75880,IC50,nM,7762.47,Log IC50,,-5.11
CC(C)(C)c1ccc(C(O)CCCN2CCC(C(O)(c3ccccc3)c3ccccc3)CC2)cc1,CHEMBL17157,IC50,nM,128.82,Log IC50,,-6.89
CSc1ccc2c(c1)N(CCC1CCCCN1C)c1ccccc1S2,CHEMBL479,IC50,nM,35.48,Log IC50,,-7.45
O=C1Cc2cc(CCN3CCN(c4nsc5ccccc45)CC3)c(Cl)cc2N1,CHEMBL708,IC50,nM,151.36,Log IC50,,-6.82
CN([C@H]1c2cc(OCCCC(F)(F)F)ccc2OC(C)(C)[C@@H]1O)S(C)(=O)=O,CHEMBL298475,IC50,nM,12600.0,IC50,uM,12.6
COc1ccc(C(=O)N2CCN(c3ccc4c(c3)CCC(=O)N4)CC2)cc1OC,CHEMBL17423,IC50,nM,18000.0,IC50,uM,18.0
CC[C@H]1OC(=O)[C@H](C)[C@@H](O[C@H]2C[C@@](C)(OC)[C@@H](O)[C@H](C)O2)[C@H](C)[C@@H](O[C@@H]2O[C@H](C)C[C@H](N(C)C)[C@H]2O)[C@](C)(O)C[C@@H](C)C(=O)[C@H](C)[C@@H](O)[C@]1(C)O,CHEMBL532,IC50,nM,39000.0,IC50,uM,39.0
CCCNCC(O)COc1ccc(O)cc1C(=O)CCc1ccccc1,CHEMBL1264,IC50,nM,40000.0,IC50,uM,40.0
NCC(O)COc1ccccc1C(=O)CCc1ccccc1,CHEMBL1365,IC50,nM,44000.0,IC50,uM,44.0
CC[C@H]1OC(=O)[C@H](C)[C@@H](O[C@H]2C[C@@](C)(OC)[C@@H](O)[C@H](C)O2)[C@H](C)[C@@H](O[C@@H]2O[C@H](C)C[C@H](N(C)C)[C@H]2O)[C@](C)(OC)C[C@@H](C)C(=O)[C@H](C)[C@@H](O)[C@]1(C)O,CHEMBL1741,IC50,nM,46000.0,IC50,uM,46.0
O=C(O)COCCN1CCN(C(c2ccccc2)c2ccc(Cl)cc2)CC1,CHEMBL1000,IC50,nM,108000.0,IC50,uM,108.0
O=C1NC(=O)C(c2ccccc2)(c2ccccc2)N1,CHEMBL16,IC50,nM,240000.0,IC50,uM,240.0
CCC1(c2ccccc2)C(=O)NC(=O)NC1=O,CHEMBL40,IC50,nM,3000000.0,IC50,uM,3000.0
Nc1ccncc1,CHEMBL284348,IC50,nM,4400000.0,IC50,uM,4400.0
COc1ccc(CCN2CCC(Nc3nc4ccccc4n3Cc3ccc(F)cc3)CC2)cc1,CHEMBL296419,IC50,nM,1.5,IC50,uM,0.0015
CS(=O)(=O)Nc1ccc2c(c1)C(=O)CC1(CCN(CCc3ccc4nonc4c3)CC1)O2,CHEMBL129583,IC50,nM,8.0,IC50,uM,0.008
CCCCCCCN(CC)CCCCc1ccc([N+](=O)[O-])cc1,CHEMBL182977,IC50,nM,10.0,IC50,uM,0.01
CCCCCCCN(CC)CCCC(O)c1ccc(NS(C)(=O)=O)cc1,CHEMBL533,IC50,nM,20.0,IC50,uM,0.02
COc1ccc(CCN(C)CCCN(C(=O)c2ccc([N+](=O)[O-])cc2)c2ccc(OC)c(OC)c2)cc1OC,CHEMBL182646,IC50,nM,20.0,IC50,uM,0.02
Cc1cccc(CCN2CCC(C(=O)c3ccc(NS(C)(=O)=O)cc3)CC2)n1,CHEMBL327980,IC50,nM,20.0,IC50,uM,0.02
COc1ccc(C2CCN(CC[C@H]3CCOc4ccccc43)CC2)cc1OC,CHEMBL96153,IC50,nM,30.0,IC50,uM,0.03
CN(CCOc1ccc(NS(C)(=O)=O)cc1)CCc1ccc(NS(C)(=O)=O)cc1,CHEMBL473,IC50,nM,30.0,IC50,uM,0.03
CC(C)(C)c1ccc(C(O)CCCN2CCC(C(O)(c3ccccc3)c3ccccc3)CC2)cc1,CHEMBL17157,IC50,nM,50.0,IC50,uM,0.05
CCCCCCC[N+](CC)(CC)CCCCc1ccc(Cl)cc1,CHEMBL9484,IC50,nM,150.0,IC50,uM,0.15
CCC[S+]([O-])CCCN(CC)CC(O)COc1ccc(C#N)cc1,CHEMBL362103,IC50,nM,250.0,IC50,uM,0.25
Cc1nc2n(c(=O)c1CCN1CCC(c3noc4cc(F)ccc34)CC1)CCCC2,CHEMBL85,IC50,nM,260.0,IC50,uM,0.26
COc1ccccc1OCCNCC(O)COc1cccc2[nH]c3ccccc3c12,CHEMBL723,IC50,nM,350.0,IC50,uM,0.35
CN1CCN(CCCCN2C(=O)CN(/N=C/c3ccc(-c4ccc(Cl)cc4)o3)C2=O)CC1,CHEMBL123558,IC50,nM,400.0,IC50,uM,0.4
CC(C)COCC(CN(Cc1ccccc1)c1ccccc1)N1CCCC1,CHEMBL1008,IC50,nM,430.0,IC50,uM,0.43
CC(CC(c1ccccc1)c1ccccc1)NC(C)(C)C,CHEMBL363295,IC50,nM,500.0,IC50,uM,0.5
CCCNCC(O)COc1ccccc1C(=O)CCc1ccccc1,CHEMBL631,IC50,nM,800.0,IC50,uM,0.8
COc1ccc(CCN(C)CCOc2ccc(NS(C)(=O)=O)cc2N)cc1OC,CHEMBL353985,IC50,nM,1000.0,IC50,uM,1.0
CN(C)CCC(c1ccc(Cl)cc1)c1ccccn1,CHEMBL505,IC50,nM,1100.0,IC50,uM,1.1
COc1ccc(CN(CCN(C)C)c2ccccn2)cc1,CHEMBL511,IC50,nM,1100.0,IC50,uM,1.1
COCC(=O)O[C@]1(CCN(C)CCCc2nc3ccccc3[nH]2)CCc2cc(F)ccc2[C@@H]1C(C)C,CHEMBL45816,IC50,nM,1400.0,IC50,uM,1.4
CCCCc1oc2ccc(NS(C)(=O)=O)cc2c1C(=O)c1ccc(OCCCN(CCCC)CCCC)cc1,CHEMBL184412,IC50,nM,3000.0,IC50,uM,3.0
Cc1cccc(NC(=O)N[C@@H]2N=C(c3ccccc3)c3ccccc3N(C)C2=O)c1,CHEMBL9387,IC50,nM,5000.0,IC50,uM,5.0
COc1ccc(CCNC(C)COc2c(C)cccc2C)cc1OC,CHEMBL184014,IC50,nM,6100.0,IC50,uM,6.1
c1ccc(C2(c3ccccc3)CC2C2=NCCN2)cc1,CHEMBL87045,IC50,nM,8800.0,IC50,uM,8.8
Cn1c(NCCN(CCO)CCCc2ccc([N+](=O)[O-])cc2)cc(=O)n(C)c1=O,CHEMBL360861,IC50,nM,10000.0,IC50,uM,10.0
CCN(CC)CC#CCOC(=O)[C@](O)(c1ccccc1)C1CCCCC1,CHEMBL185434,IC50,nM,12000.0,IC50,uM,12.0
CC(C)N(CCC(C(N)=O)(c1ccccc1)c1ccccn1)C(C)C,CHEMBL517,IC50,nM,12000.0,IC50,uM,12.0
COc1cc2c(cc1OC)C1Cc3ccc(OC)c(OC)c3C(Cc3ccccc3)N1CC2,CHEMBL186873,IC50,nM,14000.0,IC50,uM,14.0
COc1cc2c(cc1OC)[C@@H](Cc1ccc(Oc3cc(C[C@@H]4c5cc(OC)c(OC)cc5CCN4C)ccc3O)cc1)N(C)CC2,CHEMBL442717,IC50,nM,16000.0,IC50,uM,16.0
COC(=O)C1=C(C)NC(C)=C(C(=O)OCC(C)C)C1c1ccccc1[N+](=O)[O-],CHEMBL1726,IC50,nM,23000.0,IC50,uM,23.0
CCN(CC)CCNC(=O)c1ccc(NC(C)=O)cc1,CHEMBL1097,IC50,nM,100000.0,IC50,uM,100.0
COC(=O)C1=C(C)NC(C)=C(C(=O)OC)C1c1ccccc1[N+](=O)[O-],CHEMBL193,IC50,nM,280000.0,IC50,uM,280.0
CCCC(C)C1(CC)C(=O)NC(=O)NC1=O,CHEMBL448,IC50,nM,22800000.0,IC50,uM,22800.0
CCCCN(CCCC)CCC(O)c1cc2c(Cl)cc(Cl)cc2c2cc(C(F)(F)F)ccc12,CHEMBL1107,IC50,nM,40.0,IC50,uM,0.04
CN1Cc2ccccc2[C@@H](c2ccccc2)N=C1CCc1ccccc1,CHEMBL362721,IC50,nM,90.0,IC50,uM,0.09
COc1ccc(CCNCCCNC(=O)c2ccc([N+](=O)[O-])cc2)cc1OC,CHEMBL184461,IC50,nM,420.0,IC50,uM,0.42
O=C(CCCN1CCC(O)(c2ccc(Cl)cc2)CC1)c1ccc(F)cc1,CHEMBL54,IC50,nM,1400.0,IC50,uM,1.4
O=c1[nH]c2ccccc2n1C1CCN(CCCC(c2ccc(F)cc2)c2ccc(F)cc2)CC1,CHEMBL1423,IC50,nM,1700.0,IC50,uM,1.7
O=C1NCN(c2ccccc2)C12CCN(CCCC(c1ccc(F)cc1)c1ccc(F)cc1)CC2,CHEMBL46516,IC50,nM,2300.0,IC50,uM,2.3
CCN(CC)CCCC(C)Nc1ccnc2cc(Cl)ccc12,CHEMBL76,IC50,nM,2500.0,IC50,uM,2.5
OC(c1cc(C(F)(F)F)nc2c(C(F)(F)F)cccc12)C1CCCCN1,CHEMBL416956,IC50,nM,2600.0,IC50,uM,2.6
COc1ccc(CCN(C)CCCC(C#N)(c2ccc(OC)c(OC)c2)C(C)C)cc1OC,CHEMBL6966,IC50,nM,3100.0,IC50,uM,3.1
O=C(Cc1ccc(C(F)(F)F)cc1C(F)(F)F)N[C@@H]1N=C(c2ccccc2)c2ccccc2N(CC(F)(F)F)C1=O,CHEMBL16900,IC50,nM,6000.0,IC50,uM,6.0
CCCCN(CCCC)CC(O)c1cc(Cl)cc2c1-c1ccc(Cl)cc1/C2=C/c1ccc(Cl)cc1,CHEMBL38827,IC50,nM,8100.0,IC50,uM,8.1
CC(C)[C@@H](Oc1ccc(CNC(=O)[C@@H]2CCCN2C(=O)C(N)C2CCCCC2)cc1)C(=O)O.O=C(O)C(F)(F)F,CHEMBL183418,IC50,nM,90000.0,IC50,uM,90.0
NC(CC(=O)N1CCC[C@H]1C(=O)NCc1ccc(C(=O)O)cc1)Cc1ccc(F)c(F)c1.O=C(O)C(F)(F)F,CHEMBL182223,IC50,nM,79000.0,IC50,uM,79.0
NC(CC(=O)N1CCC[C@H]1C(=O)NCc1ccc(C(F)(F)F)cc1)Cc1ccccc1F.O=C(O)C(F)(F)F,CHEMBL435882,IC50,nM,870.0,IC50,uM,0.87
CC(C)[C@@H](Oc1ccc(CNC(=O)[C@@H]2CCCN2C(=O)CC(N)Cc2cc(F)ccc2F)cc1)C(=O)O.O=C(O)C(F)(F)F,CHEMBL364102,IC50,nM,76000.0,IC50,uM,76.0
CC(C)[C@@H](Oc1ccc(CNC(=O)[C@@H]2CCCN2C(=O)CC(N)Cc2c(F)c(F)c(F)c(F)c2F)cc1)C(=O)O.O=C(O)C(F)(F)F,CHEMBL183289,IC50,nM,100000.0,IC50,uM,100.0
COC(=O)Cc1ccc(CNC(=O)[C@@H]2CSCN2C(=O)CC(N)Cc2ccccc2F)cc1.O=C(O)C(F)(F)F,CHEMBL186482,IC50,nM,9700.0,IC50,uM,9.7
NCc1ccc(F)c(C2CCN(C(=O)c3cccc(-c4nc(-c5cccs5)no4)c3)CC2)c1,CHEMBL186730,IC50,nM,800.0,IC50,uM,0.8
NCc1ccc(F)c(C2CCN(C(=O)c3cc(C(=O)O)cc(-c4nc(-c5cccs5)no4)c3)CC2)c1,CHEMBL188068,IC50,nM,76800.0,IC50,uM,76.8
NCc1cccc(C2CCN(C(=O)c3cc(C(N)=O)cc(-c4nc(-c5cccs5)no4)c3)CC2)c1,CHEMBL362874,IC50,nM,30000.0,IC50,uM,30.0
NCc1ccc(F)c(C2CCN(C(=O)c3cc(C(N)=O)cc(-c4nc(-c5cccs5)no4)c3)CC2)c1,CHEMBL365062,IC50,nM,17100.0,IC50,uM,17.1
C[C@@H](c1ccc(-c2cccc(C(=O)O)c2)cc1)[C@H](N)C(=O)N1CC[C@H](F)C1.O=C(O)C(F)(F)F,CHEMBL195755,IC50,nM,100000.0,IC50,uM,100.0
C[C@@H](c1ccc(-c2ccc(F)cc2)cc1)[C@H](N)C(=O)N1CC[C@H](F)C1.O=C(O)C(F)(F)F,CHEMBL189881,IC50,nM,1100.0,IC50,uM,1.1
O=C(O)[C@@H](CC1CCC1)N1C[C@H](CN2CCC(c3cnc4ccccn34)CC2)[C@@H](c2cccc(F)c2)C1,CHEMBL2113086,IC50,nM,2700.0,IC50,uM,2.7
C[C@@H](c1ccc(-c2cccc(-c3nn[nH]n3)c2)cc1)[C@H](N)C(=O)N1CC[C@H](F)C1.O=C(O)C(F)(F)F,CHEMBL195378,IC50,nM,59000.0,IC50,uM,59.0
C[C@@H](c1ccc(-c2cccc(-c3noc(O)n3)c2)cc1)[C@H](N)C(=O)N1CC[C@H](F)C1.O=C(O)C(F)(F)F,CHEMBL370072,IC50,nM,28000.0,IC50,uM,28.0
O=C(O)[C@@H](CC1CCC1)N1C[C@H](CN2CCC(c3cnc4ccc(C(F)(F)F)cn34)CC2)[C@@H](c2cccc(F)c2)C1,CHEMBL435886,IC50,nM,10000.0,IC50,uM,10.0
COc1ccc([C@@H](O)C[C@H]2c3cc(OC)c(OC)cc3CCN2C)cc1,CHEMBL196983,IC50,nM,790.0,IC50,uM,0.79
COc1cc2c(cc1OC)[C@H](C[C@H](O)c1ccc(Cl)cc1)N(C)CC2,CHEMBL197467,IC50,nM,400.0,IC50,uM,0.4
COc1cccc(CN2CCCCCCC2)c1OCc1csc(-c2ccccc2)n1,CHEMBL197243,IC50,nM,180.0,IC50,uM,0.18
COc1cccc(CN2CCCCCCC2)c1OCc1csc(-c2ccc(Cl)cc2)n1,CHEMBL197304,IC50,nM,40.0,IC50,uM,0.04
Clc1ccc(-c2nc(COc3ccccc3CN3CCCCCCC3)cs2)cc1,CHEMBL195180,IC50,nM,30.0,IC50,uM,0.03
COc1ccc(CCN2CCC(Nc3nc4ccccc4n3Cc3ccc(F)cc3)CC2)cc1,CHEMBL296419,IC50,nM,10.0,pIC50,,8.0
CN(CCOc1ccc(NS(C)(=O)=O)cc1)CCc1ccc(NS(C)(=O)=O)cc1,CHEMBL473,IC50,nM,10.0,pIC50,,8.0
O=C1NCCN1CCN1CCC(c2cn(-c3ccc(F)cc3)c3ccc(Cl)cc23)CC1,CHEMBL12713,IC50,nM,10.0,pIC50,,8.0
CCCCCCCN(CC)CCCC(O)c1ccc(NS(C)(=O)=O)cc1,CHEMBL533,IC50,nM,10.0,pIC50,,8.0
Cc1cccc(C)c1NC(=O)CN1CCN(CCCC(c2ccc(F)cc2)c2ccc(F)cc2)CC1,CHEMBL92870,IC50,nM,15.85,pIC50,,7.8
Cc1ccc(O)c([C@H](CCN(C(C)C)C(C)C)c2ccccc2)c1,CHEMBL1382,IC50,nM,16.98,pIC50,,7.77
Cc1cccc(CCN2CCC(C(=O)c3ccc(NS(C)(=O)=O)cc3)CC2)n1,CHEMBL327980,IC50,nM,19.95,pIC50,,7.7
O=C(CCCN1CCC(O)(c2ccc(Cl)cc2)CC1)c1ccc(F)cc1,CHEMBL54,IC50,nM,30.2,pIC50,,7.52
O=C(CCCN1CC=C(n2c(=O)[nH]c3ccccc32)CC1)c1ccc(F)cc1,CHEMBL1108,IC50,nM,32.36,pIC50,,7.49
COc1cc(N)c(Cl)cc1C(=O)NC1CCN(CCCOc2ccc(F)cc2)CC1OC,CHEMBL1729,IC50,nM,39.81,pIC50,,7.4
O=c1[nH]c2ccccc2n1C1CCN(CCCC(c2ccc(F)cc2)c2ccc(F)cc2)CC1,CHEMBL1423,IC50,nM,50.12,pIC50,,7.3
O=C1Cc2cc(CCN3CCN(c4nsc5ccccc45)CC3)c(Cl)cc2N1,CHEMBL708,IC50,nM,120.23,pIC50,,6.92
COc1ccc(CCN(C)CCCC(C#N)(c2ccc(OC)c(OC)c2)C(C)C)cc1OC,CHEMBL6966,IC50,nM,141.25,pIC50,,6.85
Cc1nc2n(c(=O)c1CCN1CCC(C3NOc4cc(F)ccc43)CC1)CCCC2,CHEMBL364512,IC50,nM,151.36,pIC50,,6.82
COc1cccc(C(=O)N2CCCC2)c1OCc1csc(-c2ccc(Cl)cc2)n1,CHEMBL364912,IC50,nM,7700.0,IC50,uM,7.7
O=C(c1ccccc1OCc1csc(-c2ccc(Cl)cc2)n1)N1CCCC1,CHEMBL195235,IC50,nM,9800.0,IC50,uM,9.8
O=c1[nH]c2ccccc2n1CCCN1CCC(n2c(=O)[nH]c3cc(Cl)ccc32)CC1,CHEMBL219916,IC50,nM,162.18,pIC50,,6.79
CCOC(=O)N1CCC(=C2c3ccc(Cl)cc3CCc3cccnc32)CC1,CHEMBL998,IC50,nM,169.82,pIC50,,6.77
Cc1cc2c(s1)Nc1ccccc1N=C2N1CCN(C)CC1,CHEMBL715,IC50,nM,181.97,pIC50,,6.74
CSc1ccc2c(c1)N(CCC1CCCCN1C)c1ccccc1S2,CHEMBL479,IC50,nM,190.55,pIC50,,6.72
CC(C)(C)c1ccc(C(O)CCCN2CCC(C(O)(c3ccccc3)c3ccccc3)CC2)cc1,CHEMBL17157,IC50,nM,199.53,pIC50,,6.7
CCCCN(CCCC)CCC(O)c1cc2c(Cl)cc(Cl)cc2c2cc(C(F)(F)F)ccc12,CHEMBL1107,IC50,nM,199.53,pIC50,,6.7
COc1ccc(C2CCN(CC[C@H]3CCOc4ccccc43)CC2)cc1OC,CHEMBL96153,IC50,nM,251.19,pIC50,,6.6
C=C[C@H]1CN2CC[C@H]1C[C@@H]2[C@@H](O)c1ccnc2ccc(OC)cc12,CHEMBL1294,IC50,nM,323.59,pIC50,,6.49
CCOC(=O)C1(c2ccccc2)CCN(C)CC1,CHEMBL607,IC50,nM,323.59,pIC50,,6.49
CN1CCN(C2=Nc3cc(Cl)ccc3Nc3ccccc32)CC1,CHEMBL42,IC50,nM,323.59,pIC50,,6.49
CN(c1nccc(=O)[nH]1)C1CCN(c2nc3ccccc3n2Cc2ccc(F)cc2)CC1,CHEMBL94454,IC50,nM,436.52,pIC50,,6.36
CN1CCCCC1CCN1c2ccccc2Sc2ccc([S+](C)[O-])cc21,CHEMBL1088,IC50,nM,549.54,pIC50,,6.26
CC(C)COCC(CN(Cc1ccccc1)c1ccccc1)N1CCCC1,CHEMBL1008,IC50,nM,549.54,pIC50,,6.26
Cc1nccn1CC1CCc2c(c3ccccc3n2C)C1=O,CHEMBL46,IC50,nM,812.83,pIC50,,6.09
CNCCCN1c2ccccc2CCc2ccccc21,CHEMBL72,IC50,nM,1380.38,pIC50,,5.86
CN1CCN(CCCCN2C(=O)CN(/N=C/c3ccc(-c4ccc(Cl)cc4)o3)C2=O)CC1,CHEMBL123558,IC50,nM,1412.54,pIC50,,5.85
COCC(=O)O[C@]1(CCN(C)CCCc2nc3ccccc3[nH]2)CCc2cc(F)ccc2[C@@H]1C(C)C,CHEMBL45816,IC50,nM,1445.44,pIC50,,5.84
CN(C)CCCN1c2ccccc2Sc2ccc(Cl)cc21,CHEMBL71,IC50,nM,1479.11,pIC50,,5.83
CNCCC(Oc1ccc(C(F)(F)F)cc1)c1ccccc1,CHEMBL41,IC50,nM,1513.56,pIC50,,5.82
COc1cc2nc(N3CCN(C(=O)c4ccco4)CC3)nc(N)c2cc1OC,CHEMBL2,IC50,nM,1584.89,pIC50,,5.8
CCC(=O)N(c1ccccc1)C1CCN(CCc2ccccc2)CC1,CHEMBL596,IC50,nM,1819.7,pIC50,,5.74
CC(=O)N1CCN(c2ccc(OCC3COC(Cn4ccnc4)(c4ccc(Cl)cc4Cl)O3)cc2)CC1,CHEMBL157101,IC50,nM,1905.46,pIC50,,5.72
CC[C@H](OC(C)=O)C(C[C@H](C)N(C)C)(c1ccccc1)c1ccccc1,CHEMBL1514,IC50,nM,2187.76,pIC50,,5.66
CC(C)(C)c1ccc(C(=O)CCCN2CCC(OC(c3ccccc3)c3ccccc3)CC2)cc1,CHEMBL305660,IC50,nM,3019.95,pIC50,,5.52
Cc1[nH]cnc1CN1CCc2c(c3ccccc3n2C)C1=O,CHEMBL1110,IC50,nM,3235.94,pIC50,,5.49
CCCc1nn(C)c2c(=O)[nH]c(-c3cc(S(=O)(=O)N4CCN(C)CC4)ccc3OCC)nc12,CHEMBL192,IC50,nM,3311.31,pIC50,,5.48
CN(C)CCCN1c2ccccc2CCc2ccccc21,CHEMBL11,IC50,nM,3388.44,pIC50,,5.47
CN1C2CCCC1CC(NC(=O)c1nn(C)c3ccccc13)C2,CHEMBL289469,IC50,nM,3715.35,pIC50,,5.43
O=C(NCC1CCCCN1)c1cc(OCC(F)(F)F)ccc1OCC(F)(F)F,CHEMBL652,IC50,nM,3890.45,pIC50,,5.41
CN(C)CCCC1(c2ccc(F)cc2)OCc2cc(C#N)ccc21,CHEMBL549,IC50,nM,3981.07,pIC50,,5.4
OC(c1cc(C(F)(F)F)nc2c(C(F)(F)F)cccc12)C1CCCCN1,CHEMBL416956,IC50,nM,5623.41,pIC50,,5.25
COC(=O)[C@H]1[C@@H](OC(=O)c2ccccc2)C[C@@H]2CC[C@H]1N2C,CHEMBL370805,IC50,nM,7244.36,pIC50,,5.14
CO[C@@]12CC[C@@]3(C[C@@H]1[C@](C)(O)C(C)(C)C)[C@H]1Cc4ccc(O)c5c4[C@@]3(CCN1CC1CC1)[C@H]2O5,CHEMBL511142,IC50,nM,7585.78,pIC50,,5.12
CCC(=O)C(CC(C)N(C)C)(c1ccccc1)c1ccccc1,CHEMBL651,IC50,nM,9772.37,pIC50,,5.01
CCOC(=O)C1=C(C)NC(C)=C(C(=O)OC)C1c1cccc([N+](=O)[O-])c1,CHEMBL475534,IC50,nM,10000.0,pIC50,,5.0
CCCCc1oc2ccccc2c1C(=O)c1cc(I)c(OCCN(CC)CC)c(I)c1,CHEMBL633,IC50,nM,10000.0,pIC50,,5.0
CN(C)CCC=C1c2ccccc2CCc2ccccc21,CHEMBL629,IC50,nM,10000.0,pIC50,,5.0
COc1ccccc1OCCNCC(O)COc1cccc2[nH]c3ccccc3c12,CHEMBL723,IC50,nM,10471.29,pIC50,,4.98
O=C(O[C@@H]1C[C@@H]2C[C@H]3C[C@H](C1)N2CC3=O)c1c[nH]c2ccccc12,CHEMBL2368925,IC50,nM,12022.64,pIC50,,4.92
COc1ccc([C@@H]2Sc3ccccc3N(CCN(C)C)C(=O)[C@@H]2OC(C)=O)cc1,CHEMBL23,IC50,nM,17378.01,pIC50,,4.76
C[C@@H]1CN(c2c(F)c(N)c3c(=O)c(C(=O)O)cn(C4CC4)c3c2F)C[C@H](C)N1,CHEMBL850,IC50,nM,18197.01,pIC50,,4.74
CN(C)CCC(c1ccc(Cl)cc1)c1ccccn1,CHEMBL505,IC50,nM,20892.96,pIC50,,4.68
CN(C)CCOC(c1ccccc1)c1ccccc1,CHEMBL657,IC50,nM,26915.35,pIC50,,4.57
O=C(O)COCCN1CCN(C(c2ccccc2)c2ccc(Cl)cc2)CC1,CHEMBL1000,IC50,nM,30199.52,pIC50,,4.52
Cc1c(F)c(N2CCNC(C)C2)cc2c1c(=O)c(C(=O)O)cn2C1CC1,CHEMBL583,IC50,nM,50118.72,pIC50,,4.3
COC(=O)C1=C(C)NC(C)=C(C(=O)OC)C1c1ccccc1[N+](=O)[O-],CHEMBL193,IC50,nM,50118.72,pIC50,,4.3
C/C=C1/N(C)C(C)CC1(c1ccccc1)c1ccccc1,CHEMBL196431,IC50,nM,50118.72,pIC50,,4.3
CC[C@H]1OC(=O)[C@H](C)[C@@H](O[C@H]2C[C@@](C)(OC)[C@@H](O)[C@H](C)O2)[C@H](C)[C@@H](O[C@@H]2O[C@H](C)C[C@H](N(C)C)[C@H]2O)[C@](C)(OC)C[C@@H](C)C(=O)[C@H](C)[C@@H](O)[C@]1(C)O,CHEMBL1741,IC50,nM,58884.37,pIC50,,4.23
CC(C)N(CCC(C(N)=O)(c1ccccc1)c1ccccn1)C(C)C,CHEMBL517,IC50,nM,91201.08,pIC50,,4.04
NC1=NCC2c3ccccc3Cc3ccccc3N12,CHEMBL1106,IC50,nM,91201.08,pIC50,,4.04
COc1c(N2C[C@@H]3CCCN[C@@H]3C2)c(F)cc2c(=O)c(C(=O)O)cn(C3CC3)c12,CHEMBL32,IC50,nM,128824.96,pIC50,,3.89
COc1c(N2CCNC(C)C2)c(F)cc2c(=O)c(C(=O)O)cn(C3CC3)c12,CHEMBL31,IC50,nM,128824.96,pIC50,,3.89
CCN(CC)CCNC(=O)c1ccc(N)cc1,CHEMBL640,IC50,nM,138038.43,pIC50,,3.86
CN1CCC[C@H]1c1cccnc1,CHEMBL3,IC50,nM,245470.89,pIC50,,3.61
COc1ccc2c3c1O[C@H]1[C@@H](O)C=C[C@H]4[C@@H](C2)N(C)CC[C@@]341,CHEMBL485,IC50,nM,301995.17,pIC50,,3.52
C[C@H]1COc2c(N3CCN(C)CC3)c(F)cc3c(=O)c(C(=O)O)cn1c23.C[C@H]1COc2c(N3CCN(C)CC3)c(F)cc3c(=O)c(C(=O)O)cn1c23.O,CHEMBL5315124,IC50,nM,912010.84,pIC50,,3.04
O=C(O)c1cn(C2CC2)c2cc(N3CCNCC3)c(F)cc2c1=O,CHEMBL8,IC50,nM,954992.59,pIC50,,3.02
CN1CC[C@]23c4c5ccc(O)c4O[C@H]2[C@@H](O)C=C[C@H]3[C@H]1C5,CHEMBL70,IC50,nM,1000000.0,pIC50,,3.0
CC1COc2c(N3CCN(C)CC3)c(F)cc3c(=O)c(C(=O)O)cn1c23,CHEMBL4,IC50,nM,1412537.54,pIC50,,2.85
O=c1cc(NC2CCN(Cc3ccc4c(c3)OCO4)CC2)c2cc(Cl)ccc2o1,CHEMBL194564,IC50,nM,2250.0,IC50,uM,2.25
CC(C)(C)C1CCC2(CC1)CCN(c1ccc(OC(F)(F)F)cc1)C(=O)N2Cc1ccc(C(=O)Nc2nn[nH]n2)cc1,CHEMBL198387,IC50,nM,5400.0,IC50,uM,5.4
COc1cc2c(Nc3ncc(CC(=O)Nc4cccc(F)c4)s3)ncnc2cc1OCCCN1CCC(CO)CC1,CHEMBL201307,IC50,nM,10000.0,IC50,uM,10.0
C[C@@H](c1ccc(-c2ccc(O)nc2)cc1)[C@H](N)C(=O)N1CC[C@H](F)C1.O=C(O)C(F)(F)F,CHEMBL381145,IC50,nM,8300.0,IC50,uM,8.3
C[C@@H](c1ccc(-c2cn(C)c(=O)cc2CO)cc1)[C@H](N)C(=O)N1CC[C@H](F)C1.O=C(O)C(F)(F)F,CHEMBL203169,IC50,nM,100000.0,IC50,uM,100.0
C[C@@H](c1ccc(-c2ccc(=O)n(C)c2F)cc1)[C@H](N)C(=O)N1CC[C@H](F)C1.O=C(O)C(F)(F)F,CHEMBL205872,IC50,nM,100000.0,IC50,uM,100.0
C[C@@H](c1ccc(-c2ccc(=O)n(C)c2)cc1)[C@H](N)C(=O)N1CC[C@H](F)C1.O=C(O)C(F)(F)F,CHEMBL206383,IC50,nM,100000.0,IC50,uM,100.0
Cc1c(Cl)ccc2c1N1[C@H](CNC[C@H]1C)C2,CHEMBL191054,IC50,nM,2500.0,IC50,uM,2.5
C[C@@H]1CNC[C@H]2Cc3ccc(COCC4CC4)nc3N21,CHEMBL203013,IC50,nM,30000.0,IC50,uM,30.0
Cc1ccc2c(n1)N1[C@@H](CNC[C@H]1C)C2,CHEMBL206845,IC50,nM,21000.0,IC50,uM,21.0
C[C@@H]1CNC[C@H]2Cc3ccc(Cl)nc3N21,CHEMBL203230,IC50,nM,40000.0,IC50,uM,40.0
Cc1cc2c(F)c(Oc3ncnn4cc(OC[C@@H](C)O)c(C)c34)ccc2[nH]1,CHEMBL377300,IC50,nM,18000.0,IC50,uM,18.0
COC[C@@H](O)COc1cn2ncnc(Oc3ccc4[nH]c(C)cc4c3F)c2c1C,CHEMBL205710,IC50,nM,18000.0,IC50,uM,18.0
Cc1cc2c(F)c(Oc3ncnn4cc(OCCCS(C)(=O)=O)c(C)c34)ccc2[nH]1,CHEMBL383077,IC50,nM,20000.0,IC50,uM,20.0
N[C@H](C(=O)N1CC(c2cc(F)ccc2F)=C[C@H]1c1ccccc1)C1CC1,CHEMBL204459,IC50,nM,6500.0,IC50,nM,6500.0
CN(C(=O)N1CC(c2cc(F)ccc2F)=C[C@H]1c1ccccc1)C1CCNCC1,CHEMBL205437,IC50,nM,1300.0,IC50,nM,1300.0
O=C([C@@H](O)C1CC1)N1CC(c2cc(F)ccc2F)=C[C@H]1c1ccccc1,CHEMBL382165,IC50,nM,11000.0,IC50,nM,11000.0
CC(C)(C)[C@H](NC(=O)OCCO)C(=O)N1CC(c2cc(F)ccc2F)=C[C@H]1c1ccccc1,CHEMBL202788,IC50,nM,25000.0,IC50,nM,25000.0
CC(C)(C)[C@H](N)C(=O)N1CC(c2cc(F)ccc2F)=C[C@H]1c1ccccc1,CHEMBL204408,IC50,nM,1500.0,IC50,nM,1500.0
N[C@H](C(=O)N1CC(c2cc(F)ccc2F)=C[C@H]1c1ccccc1)C1CC1,CHEMBL204459,IC50,nM,3500.0,IC50,nM,3500.0
CC(C)[C@H](N)C(=O)N1CC(c2cc(F)ccc2F)=C[C@H]1c1ccccc1,CHEMBL379690,IC50,nM,2400.0,IC50,nM,2400.0
CC(C)(CN)C(=O)N1CC(c2cc(F)ccc2F)=C[C@H]1c1ccccc1,CHEMBL203045,IC50,nM,2200.0,IC50,nM,2200.0
CN(CCCN)C(=O)N1CC(c2cc(F)ccc2F)=C[C@H]1c1ccccc1,CHEMBL382587,IC50,nM,1300.0,IC50,nM,1300.0
CC(=O)N1CCC(N(C)C(=O)N2CC(c3cc(F)ccc3F)=C[C@H]2c2ccccc2)CC1,CHEMBL208422,IC50,nM,10000.0,IC50,nM,10000.0
CC(C)(C)C(=O)N1CC(c2cc(F)ccc2F)=C[C@H]1c1cccc(O)c1,CHEMBL378547,IC50,nM,7800.0,IC50,nM,7800.0
CN(C(=O)N1CC(c2cc(F)ccc2F)=CC1c1cccc(O)c1)C1CCNCC1,CHEMBL206249,IC50,nM,6600.0,IC50,nM,6600.0
CN(CCO)C(=O)N1CC(c2cc(F)ccc2F)=C[C@H]1c1cccc(O)c1,CHEMBL206798,IC50,nM,15000.0,IC50,nM,15000.0
CN(C)C(=O)N1CC(c2cc(F)ccc2F)=C[C@H]1c1cccc(O)c1,CHEMBL381533,IC50,nM,33000.0,IC50,nM,33000.0
CC(C)(C)[C@H](O)C(=O)N1CC(c2cc(F)ccc2F)=C[C@H]1c1cccc(O)c1,CHEMBL262736,IC50,nM,7800.0,IC50,nM,7800.0
O=C([C@@H](O)C1CC1)N1CC(c2cc(F)ccc2F)=C[C@H]1c1cccc(O)c1,CHEMBL377596,IC50,nM,18000.0,IC50,nM,18000.0
N[C@H](C(=O)N1CC(c2cc(F)ccc2F)=C[C@H]1c1cccc(O)c1)C1CC1,CHEMBL206115,IC50,nM,5600.0,IC50,nM,5600.0
CC(C)[C@H](N)C(=O)N1CC(c2cc(F)ccc2F)=C[C@H]1c1cccc(O)c1,CHEMBL381526,IC50,nM,8500.0,IC50,nM,8500.0
COc1ccc(CCN2CCC(Nc3nc4ccccc4n3Cc3ccc(F)cc3)CC2)cc1,CHEMBL296419,IC50,nM,0.9,IC50,nM,0.9
COc1ccccc1N1CCN(CCCCNS(=O)(=O)c2ccc(C)cc2)CC1,CHEMBL209324,IC50,nM,5000.0,IC50,nM,5000.0
CC(=O)Nc1cccc(N2CCN(CCCCNS(=O)(=O)c3ccc(C)cc3)CC2)c1,CHEMBL210537,IC50,nM,300.0,IC50,nM,300.0
CC(=O)Nc1cccc(N2CCN(CCCCN(C)S(=O)(=O)CC(C)C)CC2)c1,CHEMBL207478,IC50,nM,2200.0,IC50,nM,2200.0
CC(=O)Nc1cccc(N2CCN(CCCCN(C)S(=O)(=O)CC3CCCCC3)CC2)c1,CHEMBL207220,IC50,nM,4000.0,IC50,nM,4000.0
CC(=O)Nc1cccc(N2CCN(CCCCNS(=O)(=O)CC(C)C)CC2)c1,CHEMBL379984,IC50,nM,3000.0,IC50,nM,3000.0
O=C(Nc1cccc(N2CCN(CCCCNS(=O)(=O)CC3CCCCC3)CC2)c1)C1CC1,CHEMBL377697,IC50,nM,1500.0,IC50,nM,1500.0
CC(=O)Nc1cccc(N2CCN(CCCCNS(=O)(=O)CC3CCCCC3)CC2)c1,CHEMBL209821,IC50,nM,3800.0,IC50,nM,3800.0
CC(=O)Nc1cccc(N2CCN(CC3CCN(S(=O)(=O)CC4CCCCC4)CC3)CC2)c1,CHEMBL211012,IC50,nM,2000.0,IC50,nM,2000.0
CN(C)C(=O)[C@@H](c1ccc(-c2ccc3ncnn3c2)cc1)[C@H](N)C(=O)N1CCC(F)(F)C1.O=C(O)C(F)(F)F,CHEMBL209064,IC50,nM,100000.0,IC50,uM,100.0
CN(C)C(=O)[C@@H](c1ccc(-c2ccn3ncnc3c2)cc1)[C@H](N)C(=O)N1CCC(F)(F)C1.O=C(O)C(F)(F)F,CHEMBL210829,IC50,nM,16000.0,IC50,uM,16.0
CN(C)C(=O)[C@@H](c1ccc(-c2ccn3nccc3n2)cc1)[C@H](N)C(=O)N1CCC(F)(F)C1.O=C(O)C(F)(F)F,CHEMBL208957,IC50,nM,100000.0,IC50,uM,100.0
CC(=O)N1N=C(c2cc(F)ccc2F)C[C@H]1c1cccc(O)c1,CHEMBL195232,IC50,nM,26400.0,IC50,uM,26.4
CN(C)C(=O)N1N=C(c2cc(F)ccc2F)C[C@@]1(CCCN)c1ccccc1,CHEMBL377566,IC50,nM,19300.0,IC50,uM,19.3
CCCc1c(OCCCN2C(=O)Cc3cc(CC(=O)O)ccc32)ccc2c(C(F)(F)F)noc12,CHEMBL207690,IC50,nM,10000.0,IC50,nM,10000.0
CCN(C(=O)Cc1ccc(S(C)(=O)=O)cc1)C1CCN(CC[C@H](c2ccc(S(C)(=O)=O)cc2)c2cc(F)cc(F)c2)CC1,CHEMBL212689,IC50,nM,7300.0,IC50,uM,7.3
O=C(NC1CC1)c1cc(NCc2cnc(Nc3ccccn3)s2)c(F)cc1F,CHEMBL377734,IC50,nM,16600.0,IC50,uM,16.6
CCOc1nc(C(=O)NCc2cccnc2)cc(N)c1C#N,CHEMBL209534,IC50,nM,100000.0,IC50,uM,100.0
CCOc1nc(C(=O)NCc2ccc(S(C)(=O)=O)cc2)cc(N)c1C#N,CHEMBL424872,IC50,nM,100000.0,IC50,uM,100.0
CN[C@@H]1CCN(c2ccc(-n3ncc4cc(-c5ccc(C(F)(F)F)cc5)sc4c3=O)cn2)C1,CHEMBL377241,IC50,nM,1800.0,IC50,uM,1.8
O=C1NCC(c2ccccc2)C12CCN(C1(c3ccccc3)CCCOC1)CC2,CHEMBL446703,IC50,nM,11000.0,IC50,uM,11.0
I.O=C1NCC(c2ccccc2)C12CCN(C1(c3ccccc3)CCOCC1)CC2,CHEMBL559007,IC50,nM,14000.0,IC50,uM,14.0
O=C1NCC(c2ccc(F)cc2)C12CCN(C1(c3ccc(F)cc3)CCCCC1)CC2,CHEMBL377114,IC50,nM,1300.0,IC50,uM,1.3
CCOc1ccccc1C[C@H](c1ccccc1)N1CCNCC1.Cl,CHEMBL534723,IC50,nM,16000.0,IC50,uM,16.0
O=C1NCC(c2ccccc2)C12CCN(C1CCCCC1(O)c1ccc(F)cc1)CC2,CHEMBL214122,IC50,nM,1800.0,IC50,uM,1.8
O=C1NCC(c2ccc(F)cc2)C12CCN(C1CCCCC1(O)c1ccccc1)CC2,CHEMBL378253,IC50,nM,24000000.0,IC50,uM,24000.0
O=C1NC[C@@H](c2ccccc2)C12CCN(C1CCCCC1c1ccccc1)CC2,CHEMBL2096837,IC50,nM,1400.0,IC50,uM,1.4
CN1CCN(CCCN(C(=O)Nc2ccc(F)c(C(F)(F)F)c2)[C@@H]2CC[C@]3(c4ccc(C#N)cc4)C[C@H]23)CC1,CHEMBL205285,IC50,nM,52.0,IC50,nM,52.0
CN1CCN(CCCN(C(=O)Nc2ccc(F)c(C(F)(F)F)c2)[C@@H]2CC[C@]3(c4ccc5c(N)noc5c4)C[C@H]23)CC1,CHEMBL209964,IC50,nM,690.0,IC50,uM,0.69
CN(C(=O)c1ccc(-c2ccc(C(F)(F)F)cc2)cc1)[C@H]1CCN(C(=O)N2CC[C@@H](NCCC(C)(C)c3ccc(Cl)cc3)C2)C1,CHEMBL382851,IC50,nM,2600.0,IC50,nM,2600.0
CN(C(=O)c1ccc(-c2ccc(C(F)(F)F)cc2)cc1)[C@H]1CCN(C(=O)N(C)[C@@H]2CCN(CCCc3ccc(Cl)cc3)C2)C1,CHEMBL375330,IC50,nM,170.0,IC50,nM,170.0
COc1ccc2c(=O)cc(C(=O)NC3CCN(Cc4ccc5c(c4)OCO5)CC3)oc2c1,CHEMBL206081,IC50,nM,11.5,IC50,nM,11.5
N[C@H]1CC(C(=O)N2CCn3c(nnc3C(F)(F)F)C2)=CC[C@@H]1c1cc(F)c(F)c(F)c1.O=C(O)C(F)(F)F,CHEMBL437341,IC50,nM,300000.0,IC50,uM,300.0
N#Cc1ccc2c(=O)cc(C(=O)NC3CCN(Cc4ccc5c(c4)OCO5)CC3)oc2c1,CHEMBL387417,IC50,nM,5.0,IC50,nM,5.0
O=C(NC1CCN(Cc2ccc3c(c2)OCO3)CC1)c1cc(=O)c2ccc(F)cc2o1,CHEMBL214021,IC50,nM,15.1,IC50,nM,15.1
O=C(NC1CCN(Cc2ccc3c(c2)OCO3)CC1)c1cc(=O)c2ccc(Cl)cc2o1,CHEMBL217789,IC50,nM,3.6,IC50,nM,3.6
O=C(NC1CCN(Cc2ccc3c(c2)OCO3)CC1)c1cc(=O)c2ccc(Br)cc2o1,CHEMBL217706,IC50,nM,2.5,IC50,nM,2.5
CCc1ccc2c(=O)cc(C(=O)NC3CCN(Cc4ccc5c(c4)OCO5)CC3)oc2c1,CHEMBL214377,IC50,nM,7.4,IC50,nM,7.4
O=C(NC1CCN(Cc2ccc3c(c2)OCO3)CC1)c1cc(=O)c2ccc(OC(F)F)cc2o1,CHEMBL213715,IC50,nM,3.6,IC50,nM,3.6
O=C(NC1CCN(Cc2ccc3c(c2)OCO3)CC1)c1cc(=O)c2ccc(O)cc2o1,CHEMBL215631,IC50,nM,63.7,IC50,nM,63.7
O=C(NC1CCN(Cc2ccc3c(c2)OCO3)CC1)c1cc(=O)c2cc(F)ccc2o1,CHEMBL214731,IC50,nM,4.0,IC50,nM,4.0
O=C(NC1CCN(Cc2ccc3c(c2)OCO3)CC1)c1cc(=O)c2cc(F)c(F)cc2o1,CHEMBL387178,IC50,nM,6.2,IC50,nM,6.2
COc1cc2oc(C(=O)NC3CCN(Cc4ccc5c(c4)OCO5)CC3)cc(=O)c2cc1F,CHEMBL217442,IC50,nM,15.9,IC50,nM,15.9
O=C(NC1CCN(Cc2ccc3c(c2)OCO3)CC1)c1cc(=O)c2cc(F)c(Cl)cc2o1,CHEMBL387418,IC50,nM,10.5,IC50,nM,10.5
O=C(NC1CCN(Cc2ccc3c(c2)OCO3)CC1)c1cc(=O)c2ccccc2o1,CHEMBL214767,IC50,nM,6.7,IC50,nM,6.7
O=C(NC1CCN(Cc2ccc3c(c2)OCO3)CC1)c1cc(=O)c2cc(Cl)c(Cl)cc2o1,CHEMBL204828,IC50,nM,1.4,IC50,nM,1.4
O=C(NC1CCN(Cc2ccccc2)CC1)c1cc(=O)c2ccc(F)cc2o1,CHEMBL213761,IC50,nM,19.9,IC50,nM,19.9
O=C(NC1CCN(Cc2ccc3c(c2)OC(F)(F)O3)CC1)c1cc(=O)c2ccc(F)cc2o1,CHEMBL217707,IC50,nM,5.6,IC50,nM,5.6
CC(=O)Nc1ccc(CN2CCC(NC(=O)c3cc(=O)c4ccc(F)cc4o3)CC2)cc1,CHEMBL216680,IC50,nM,47.7,IC50,nM,47.7
CC(=O)c1ccc(CN2CCC(NC(=O)c3cc(=O)c4ccc(F)cc4o3)CC2)cc1,CHEMBL384487,IC50,nM,20.3,IC50,nM,20.3
COc1ccc(CN2CCC(NC(=O)c3cc(=O)c4ccc(F)cc4o3)CC2)cc1F,CHEMBL214768,IC50,nM,8.5,IC50,nM,8.5
COc1ccc(CN2CCC(NC(=O)c3cc(=O)c4ccc(F)cc4o3)CC2)c(F)c1,CHEMBL387309,IC50,nM,14.7,IC50,nM,14.7
O=C(NC1CCN(Cc2cccc(F)c2)CC1)c1cc(=O)c2ccc(F)cc2o1,CHEMBL216225,IC50,nM,21.2,IC50,nM,21.2
COc1ccc(CN2CCC(NC(=O)c3cc(=O)c4ccc(F)cc4o3)CC2)cc1,CHEMBL217593,IC50,nM,5.4,IC50,nM,5.4
COc1cccc(CN2CCC(NC(=O)c3cc(=O)c4ccc(F)cc4o3)CC2)c1,CHEMBL217400,IC50,nM,10.4,IC50,nM,10.4
O=C(NC1CCN(Cc2ccc3c(c2)OCCO3)CC1)c1cc(=O)c2ccc(F)cc2o1,CHEMBL425448,IC50,nM,12.2,IC50,nM,12.2
O=C(NC1CCN(Cc2cc3c(cc2Cl)OCO3)CC1)c1cc(=O)c2ccc(F)cc2o1,CHEMBL217105,IC50,nM,13.5,IC50,nM,13.5
O=C(NC1CCN(Cc2ccc3c(c2)OCO3)CC1)c1cc(=O)c2ccc(F)cc2o1,CHEMBL214021,IC50,nM,1600.0,IC50,uM,1.6
CN1CCN(Cc2ccc3cc(-n4cnc5cc(-c6ccc(Cl)cc6)sc5c4=O)ccc3n2)CC1,CHEMBL214808,IC50,nM,21877.62,Log IC50,,-4.66
COc1ccc2c(=O)n(CC(O)CO)c(C#N)c(-c3cccc(F)c3)c2c1,CHEMBL215023,IC50,nM,33500.0,IC50,nM,33500.0
COc1ccc2c(=O)n(CC(O)CO)c(C#N)c(-c3cccc(C(F)(F)F)c3)c2c1,CHEMBL216168,IC50,nM,16000.0,IC50,nM,16000.0
COc1ccc2c(=O)n(C[C@@H](O)CO)c(C#N)c(-c3ccccc3)c2c1,CHEMBL217571,IC50,nM,76000.0,IC50,nM,76000.0
COc1ccc2c(=O)n(C[C@H](O)CO)c(C#N)c(-c3ccccc3)c2c1,CHEMBL216894,IC50,nM,135000.0,IC50,nM,135000.0
COc1ccc2c(=O)n(CC(CO)NCc3cccnc3)c(C#N)c(-c3ccccc3)c2c1,CHEMBL214553,IC50,nM,10000.0,IC50,nM,10000.0
COCCN(C)CCn1c(C#N)c(-c2cccc(F)c2)c2cc(OC)ccc2c1=O,CHEMBL215050,IC50,nM,1650.0,IC50,nM,1650.0
COc1ccc2c(=O)n(CCO)c(C#N)c(-c3cccc(F)c3)c2c1,CHEMBL214969,IC50,nM,62000.0,IC50,nM,62000.0
COc1ccc2c(C(=O)NCCO)nc(C#N)c(-c3ccccc3)c2c1,CHEMBL214578,IC50,nM,30000.0,IC50,nM,30000.0
COc1ccc2c(-n3cnc(C)c3)nc(C#N)c(-c3cccc(F)c3)c2c1,CHEMBL215818,IC50,nM,21000.0,IC50,nM,21000.0
COc1ccc2c(NC[C@H](O)CO)nc(C#N)c(-c3ccccc3)c2c1,CHEMBL214876,IC50,nM,15000.0,IC50,nM,15000.0
COc1ccc2c(OC[C@H](O)CO)nc(C#N)c(-c3ccccc3)c2c1,CHEMBL383997,IC50,nM,20500.0,IC50,nM,20500.0
COc1ccc2c(=O)n(C)c(CN(C)C)c(-c3ccccc3)c2c1,CHEMBL214742,IC50,nM,5300.0,IC50,nM,5300.0
COc1cc2c(Nc3cc(CC(=O)Nc4cccc(F)c4F)[nH]n3)ncnc2cc1OCCCN1CCC[C@@H]1CO,CHEMBL385049,IC50,nM,30000.0,IC50,uM,30.0
CCCN(CCO)CCCOc1cc2ncnc(Nc3cc(CC(=O)Nc4cccc(F)c4F)[nH]n3)c2cc1OC,CHEMBL214849,IC50,nM,30000.0,IC50,uM,30.0
O=C(Cc1cc(Nc2ncnc3cc(OCCCN4CCC[C@@H]4CO)ccc23)n[nH]1)Nc1cccc(F)c1F,CHEMBL215022,IC50,nM,30000.0,IC50,uM,30.0
CCN(CCO)CCCOc1ccc2c(Nc3cc(CC(=O)Nc4cccc(F)c4)[nH]n3)ncnc2c1,CHEMBL215152,IC50,nM,30000.0,IC50,uM,30.0
Cc1nc(N2CCCC2)nc2ccc(NC(=O)COc3ccc(Cl)cc3)cc12,CHEMBL216228,IC50,nM,10000.0,IC50,uM,10.0
O=C(NC1CCN(Cc2ccc3c(c2)OCO3)CC1)c1cc(=O)c2ccc(F)cc2o1,CHEMBL214021,IC50,nM,15100.0,IC50,uM,15.1
O=C(NC1CCN(Cc2ccc3occc3c2)CC1)c1cc(=O)c2ccc(F)cc2o1,CHEMBL216554,IC50,nM,5280.0,IC50,uM,5.28
O=C(NC1CCN(Cc2ccc3sccc3c2)CC1)c1cc(=O)c2ccc(F)cc2o1,CHEMBL216104,IC50,nM,1370.0,IC50,uM,1.37
O=C(NC1CCN(Cc2ccc3[nH]ccc3c2)CC1)c1cc(=O)c2ccc(F)cc2o1,CHEMBL216180,IC50,nM,6080.0,IC50,uM,6.08
O=C(NC1CCN(Cc2ccc3cc[nH]c3c2)CC1)c1cc(=O)c2ccc(F)cc2o1,CHEMBL274168,IC50,nM,2530.0,IC50,uM,2.53
O=C(NC1CCN(Cc2ccc3ncoc3c2)CC1)c1cc(=O)c2ccc(F)cc2o1,CHEMBL216524,IC50,nM,34600.0,IC50,uM,34.6
CCc1nc2ccc(CN3CCC(NC(=O)c4cc(=O)c5ccc(F)cc5o4)CC3)cc2o1,CHEMBL215457,IC50,nM,26700.0,IC50,uM,26.7
CCc1nc2cc(CN3CCC(NC(=O)c4cc(=O)c5ccc(F)cc5o4)CC3)ccc2o1,CHEMBL384043,IC50,nM,20000.0,IC50,uM,20.0
O=C(NC1CCN(Cc2ccc3oc(=O)[nH]c3c2)CC1)c1cc(=O)c2ccc(F)cc2o1,CHEMBL217435,IC50,nM,25000.0,IC50,uM,25.0
O=C(NC1CCN(Cc2ccc3oc(=O)oc3c2)CC1)c1cc(=O)c2ccc(F)cc2o1,CHEMBL216323,IC50,nM,85200.0,IC50,uM,85.2
O=C1COc2ccc(CN3CCC(NC(=O)c4cc(=O)c5ccc(F)cc5o4)CC3)cc2N1,CHEMBL217233,IC50,nM,5790.0,IC50,uM,5.79
O=C(NC1CCN(Cc2ccc3ccc(=O)[nH]c3c2)CC1)c1cc(=O)c2ccc(F)cc2o1,CHEMBL216482,IC50,nM,85500.0,IC50,uM,85.5
Cn1c(=O)ccc2ccc(CN3CCC(NC(=O)c4cc(=O)c5ccc(F)cc5o4)CC3)cc21,CHEMBL266725,IC50,nM,47400.0,IC50,uM,47.4
O=C(NC1CCN(Cc2ccc3ccc(=O)oc3c2)CC1)c1cc(=O)c2ccc(F)cc2o1,CHEMBL386281,IC50,nM,51100.0,IC50,uM,51.1
CC(=O)Nc1ccc(CN2CCC(NC(=O)c3cc(=O)c4ccc(F)cc4o3)CC2)cc1,CHEMBL216680,IC50,nM,47700.0,IC50,uM,47.7
CC(=O)Nc1cccc(CN2CCC(NC(=O)c3cc(=O)c4ccc(F)cc4o3)CC2)c1,CHEMBL269352,IC50,nM,60700.0,IC50,uM,60.7
O=C(NC1CCN(Cc2ccc3c(c2)OCO3)CC1)c1cc(=O)c2cc(F)ccc2o1,CHEMBL214731,IC50,nM,15000.0,IC50,uM,15.0
O=C(NC1CCN(C2CCc3cc4c(cc32)OCO4)CC1)c1cc(=O)c2cc(F)ccc2o1,CHEMBL214585,IC50,nM,11200.0,IC50,uM,11.2
O=C(NC1CCN(C2CCc3c2ccc2c3OCO2)CC1)c1cc(=O)c2cc(F)ccc2o1,CHEMBL425257,IC50,nM,5860.0,IC50,uM,5.86
O=C(NC1CCN(C2CCc3cc4c(cc32)OCO4)CC1)c1cc(=O)c2cc(F)ccc2o1,CHEMBL214585,IC50,nM,9310.0,IC50,uM,9.31
O=C(NC1CCN(C2CCc3cc4c(cc32)OCO4)CC1)c1cc(=O)c2cc(F)ccc2o1,CHEMBL214585,IC50,nM,7870.0,IC50,uM,7.87
O=C(NC1CCN(C2CCc3cc4oc(=O)[nH]c4cc32)CC1)c1cc(=O)c2ccc(F)cc2o1,CHEMBL384111,IC50,nM,25000.0,IC50,uM,25.0
O=C1COc2cc3c(cc2N1)C(N1CCC(NC(=O)c2cc(=O)c4ccc(F)cc4o2)CC1)CC3,CHEMBL384919,IC50,nM,14600.0,IC50,uM,14.6
CC(=O)Nc1ccc2c(c1)C(N1CCC(NC(=O)c3cc(=O)c4ccc(F)cc4o3)CC1)CC2,CHEMBL215661,IC50,nM,34800.0,IC50,uM,34.8
CC(=O)Nc1ccc2c(c1)C(N1CCC(NC(=O)c3cc(=O)c4ccc(F)cc4o3)CC1)CC2,CHEMBL215661,IC50,nM,27200.0,IC50,uM,27.2
CC(=O)Nc1ccc2c(c1)C(N1CCC(NC(=O)c3cc(=O)c4ccc(F)cc4o3)CC1)CC2,CHEMBL215661,IC50,nM,15600.0,IC50,uM,15.6
CN(C)Cc1ccc2c(c1)CC[C@H](N(C)C(=O)c1ccc(-c3ccc(F)cc3)cc1)C2,CHEMBL216821,IC50,nM,1800.0,IC50,uM,1.8
CN(C)Cc1ccc2c(c1)CC[C@H](N(C)C(=O)c1ccc(-c3ccc(Cl)cc3)cn1)C2,CHEMBL215278,IC50,nM,2600.0,IC50,uM,2.6
CN(C)Cc1ccc2c(c1)CC[C@H](N(C)C(=O)c1ccc(-c3ccc(Cl)cc3)nc1)C2,CHEMBL217820,IC50,nM,5100.0,IC50,uM,5.1
CN(C)Cc1ccc2c(c1)CC[C@H](N(C)C(=O)c1ccc(-c3ccc(F)cc3)cn1)C2,CHEMBL215660,IC50,nM,5200.0,IC50,uM,5.2
CN(C)Cc1ccc2c(c1)CC[C@H](N(C)C(=O)c1ccc(-c3ccc(F)cc3)nc1)C2,CHEMBL216314,IC50,nM,10000.0,IC50,uM,10.0
CN(C)Cc1ccc2c(c1)CC[C@H](N(C)C(=O)c1ccc(-c3ccc(Cl)cn3)cc1)C2,CHEMBL216741,IC50,nM,14000.0,IC50,uM,14.0
CN(C)Cc1ccc2c(c1)CC[C@H](N(C)C(=O)c1ccc(-c3ccccc3)cn1)C2,CHEMBL216406,IC50,nM,20000.0,IC50,uM,20.0
CN(C)Cc1ccc2c(c1)CC[C@H](N(C)C(=O)c1ccc(-c3ccccn3)cc1)C2,CHEMBL267320,IC50,nM,30000.0,IC50,uM,30.0
CN(CC(=O)N(C)C)Cc1ccc2c(c1)CC[C@H](N(C)C(=O)c1ccc(-c3ccc(F)cc3)cc1)C2,CHEMBL214432,IC50,nM,1800.0,IC50,uM,1.8
CN(C)C(=O)[C@@H]1CCCN1Cc1ccc2c(c1)CC[C@H](N(C)C(=O)c1ccc(-c3ccc(F)cc3)cc1)C2,CHEMBL424895,IC50,nM,5000.0,IC50,uM,5.0
CN(C(=O)c1ccc(-c2ccc(F)cc2)cc1)[C@H]1CCc2cc(CN3CCN(C(N)=O)CC3)ccc2C1,CHEMBL437728,IC50,nM,6700.0,IC50,uM,6.7
CCN(CC)Cc1ccc2c(c1)CC[C@H](N1CCN(CCc3ccc(F)cc3)CC1=O)C2,CHEMBL214629,IC50,nM,8100.0,IC50,uM,8.1
CCN(CC)Cc1ccc2c(c1)CC[C@H](N1CCN(CCc3ccc(Cl)cc3)CC1=O)C2,CHEMBL384400,IC50,nM,3300.0,IC50,uM,3.3
CCN(CC)Cc1ccc2c(c1)CC[C@H](N1CCN(CCc3cccc(C(F)(F)F)c3)CC1=O)C2,CHEMBL214323,IC50,nM,1700.0,IC50,uM,1.7
CCN(CC)Cc1ccc2c(c1)CC[C@H](N1CCN(CCC3CCCCC3)CC1=O)C2,CHEMBL384000,IC50,nM,3300.0,IC50,uM,3.3
CCN(CC)Cc1ccc2c(c1)CC[C@H](N1CCN(CCC3CCCS3)CC1=O)C2,CHEMBL215526,IC50,nM,13200.0,IC50,uM,13.2
O=C1CN(CCc2ccc(F)cc2)CCN1[C@H]1CCc2cc(CN3CCC(C(F)(F)F)CC3)ccc2C1,CHEMBL216486,IC50,nM,2000.0,IC50,uM,2.0
O=C1CN(CCc2ccc(F)cc2)CCN1[C@H]1CCc2cc(Cn3ccnc3)ccc2C1,CHEMBL214983,IC50,nM,4000.0,IC50,uM,4.0
O=C1CN(CCc2ccc(F)cc2)CCN1[C@H]1CCc2cc(CN3CCOCC3)ccc2C1,CHEMBL217875,IC50,nM,11000.0,IC50,uM,11.0
CS(=O)(=O)N1CCN(Cc2ccc3c(c2)CC[C@H](N2CCN(CCc4ccc(F)cc4)CC2=O)C3)CC1,CHEMBL384030,IC50,nM,13000.0,IC50,uM,13.0
O=C1CN(CCc2ccc(F)cc2)CCN1[C@H]1CCc2cc(CN3CCS(=O)(=O)CC3)ccc2C1,CHEMBL216959,IC50,nM,24000.0,IC50,uM,24.0
CC(=O)N1CCN(Cc2ccc3c(c2)CC[C@H](N2CCN(CCc4ccc(F)cc4)CC2=O)C3)CC1,CHEMBL386717,IC50,nM,25000.0,IC50,uM,25.0
CN(C)C(=O)C(CO)N(C)Cc1ccc2c(c1)CC[C@H](N1CCN(CCc3ccc(F)cc3)CC1=O)C2,CHEMBL385710,IC50,nM,25000.0,IC50,uM,25.0
CCc1c(C)[nH]c2c1/C(=N/NC(=O)Nc1ccccc1)CCC2,CHEMBL217133,IC50,nM,21000.0,IC50,uM,21.0
CCc1c(C)[nH]c2c1/C(=N/OC(=O)Nc1ccccc1)CCC2,CHEMBL217347,IC50,nM,30000.0,IC50,uM,30.0
CCc1c2c(n(C)c1CC)CCC/C2=N\OC(=O)Nc1ccccc1,CHEMBL216281,IC50,nM,30000.0,IC50,uM,30.0
C[C@H](c1nc(-c2ccc(Cl)cc2Cl)no1)[C@H](N)C(=O)N1CCCC1.O=C(O)C(F)(F)F,CHEMBL438992,IC50,nM,36700.0,IC50,uM,36.7
CS(=O)(=O)c1ccc(-c2noc([C@@H](CC3CC3)[C@H](N)C(=O)N3CC[C@H](F)C3)n2)c(F)c1.O=C(O)C(F)(F)F,CHEMBL375745,IC50,nM,58500.0,IC50,uM,58.5
C[C@H](c1nc(-c2ccc(S(C)(=O)=O)cc2Cl)no1)[C@H](N)C(=O)N1CCCC1,CHEMBL216835,IC50,nM,100000.0,IC50,uM,100.0
CS(=O)(=O)c1ccc(-c2noc([C@@H](CC3CC3)[C@H](N)C(=O)N3CC[C@H](F)C3)n2)cc1.O=C(O)C(F)(F)F,CHEMBL375442,IC50,nM,100000.0,IC50,uM,100.0
Cc1c(F)c(N2CCNC(C)C2)cc2c1c(=O)c(C(=O)O)cn2C1CC1,CHEMBL583,IC50,nM,50000.0,IC50,uM,50.0
CC(C)(C)c1ccc(C(O)CCCN2CCC(C(O)(c3ccccc3)c3ccccc3)CC2)cc1,CHEMBL17157,IC50,nM,56000.0,IC50,uM,56.0
CC(C)(C(=O)O)c1ccc(C(O)CCCN2CCC(C(O)(c3ccccc3)c3ccccc3)CC2)cc1,CHEMBL914,IC50,nM,23000.0,IC50,uM,23.0
O=C(O)COCCN1CCN(C(c2ccccc2)c2ccc(Cl)cc2)CC1,CHEMBL1000,IC50,nM,30000.0,IC50,uM,30.0
c1ccc(COc2ccc(CCNc3ccncc3)cc2)cc1,CHEMBL48029,IC50,nM,130.0,IC50,nM,130.0
CCN(CC)c1ccc(NC(=O)C2(N(C)C(=O)OCC(C)C)CCc3cccc(OC)c3C2)cc1,CHEMBL181350,IC50,nM,6100.0,IC50,uM,6.1
CC#Cc1cc(-c2n[nH]c3c2Cc2cc(CN4CCN(C)CC4)ccc2-3)cs1,CHEMBL223943,IC50,nM,1410.0,IC50,uM,1.41
CN1CCN(Cc2ccc3c(c2)Cc2c(-c4csc(C#CCOc5ccc(CN6CCOCC6)cc5)c4)n[nH]c2-3)CC1,CHEMBL225240,IC50,nM,2560.0,IC50,uM,2.56
CCCC#Cc1cc(-c2n[nH]c3c2Cc2cc(CN4CCN(C)CC4)ccc2-3)cs1,CHEMBL223997,IC50,nM,1800.0,IC50,uM,1.8
CN1CCN(Cc2ccc3c(c2)Cc2c(-c4csc(C#CCCO)c4)n[nH]c2-3)CC1,CHEMBL225639,IC50,nM,10000.0,IC50,uM,10.0
COCC#Cc1cc(-c2n[nH]c3c2Cc2cc(CN4CCN(C)CC4)ccc2-3)cs1,CHEMBL225036,IC50,nM,5190.0,IC50,uM,5.19
CN1CCN(Cc2ccc3c(c2)Cc2c(-c4csc(C#CCCOc5ccccc5)c4)n[nH]c2-3)CC1,CHEMBL225090,IC50,nM,450.0,IC50,uM,0.45
CN1CCN(Cc2ccc3c(c2)Cc2c(-c4csc(C#CCOc5ccccc5Cl)c4)n[nH]c2-3)CC1,CHEMBL225318,IC50,nM,790.0,IC50,uM,0.79
CN1CCN(Cc2ccc3c(c2)Cc2c(-c4csc(C#CCOc5cccc(Cl)c5)c4)n[nH]c2-3)CC1,CHEMBL225319,IC50,nM,2590.0,IC50,uM,2.59
CN1CCN(Cc2ccc3c(c2)Cc2c(-c4csc(C#CCOc5ccc(Cl)cc5)c4)n[nH]c2-3)CC1,CHEMBL387929,IC50,nM,3590.0,IC50,uM,3.59
Cc1ccc(OCC#Cc2cc(-c3n[nH]c4c3Cc3cc(CN5CCN(C)CC5)ccc3-4)cs2)cc1C,CHEMBL224497,IC50,nM,2500.0,IC50,uM,2.5
CN1CCN(Cc2ccc3c(c2)Cc2c(-c4csc(C#CCOc5cccnc5)c4)n[nH]c2-3)CC1,CHEMBL223219,IC50,nM,3390.0,IC50,uM,3.39
CN1CCN(Cc2ccc3c(c2)Cc2c(-c4csc(C#CCCc5ccccc5)c4)n[nH]c2-3)CC1,CHEMBL223998,IC50,nM,4800.0,IC50,uM,4.8
CN1CCN(Cc2ccc3c(c2)Cc2c(-c4csc(C#CCNc5ccccc5)c4)n[nH]c2-3)CC1,CHEMBL426009,IC50,nM,1750.0,IC50,uM,1.75
CN1CCN(Cc2ccc3c(c2)Cc2c(-c4csc(C#CCNC(=O)c5ccccc5)c4)n[nH]c2-3)CC1,CHEMBL225311,IC50,nM,7460.0,IC50,uM,7.46
CN1CCN(Cc2ccc3c(c2)Cc2c(-c4csc(C#CCNS(=O)(=O)c5ccccc5)c4)n[nH]c2-3)CC1,CHEMBL376779,IC50,nM,4870.0,IC50,uM,4.87
CN1CCN(Cc2ccc3c(c2)Cc2c(-c4csc(C#CCNC(=O)Oc5ccccc5)c4)n[nH]c2-3)CC1,CHEMBL224968,IC50,nM,2750.0,IC50,uM,2.75
CN1CCN(Cc2ccc3c(c2)Cc2c(-c4csc(C#CCNC(=O)Nc5ccccc5)c4)n[nH]c2-3)CC1,CHEMBL225336,IC50,nM,7910.0,IC50,uM,7.91
C(#Cc1cc(-c2n[nH]c3c2Cc2ccccc2-3)cs1)COc1ccccc1,CHEMBL389499,IC50,nM,10000.0,IC50,uM,10.0
CN1CCN(c2ccc3c(c2)Cc2c(-c4csc(C#CCOc5ccccc5)c4)n[nH]c2-3)CC1,CHEMBL224547,IC50,nM,1740.0,IC50,uM,1.74
CN1CCN(CCc2ccc3c(c2)Cc2c(-c4csc(C#CCOc5ccccc5)c4)n[nH]c2-3)CC1,CHEMBL390353,IC50,nM,5870.0,IC50,uM,5.87
CC1CCN(Cc2ccc3c(c2)Cc2c(-c4csc(C#CCOc5ccccc5)c4)n[nH]c2-3)CC1,CHEMBL387972,IC50,nM,80.0,IC50,uM,0.08
CN1CCC(Cc2ccc3c(c2)Cc2c(-c4csc(C#CCOc5ccccc5)c4)n[nH]c2-3)CC1,CHEMBL223999,IC50,nM,2100.0,IC50,uM,2.1
NC(=O)N1CCN(Cc2ccc3c(c2)Cc2c(-c4csc(C#CCOc5ccccc5)c4)n[nH]c2-3)CC1,CHEMBL225261,IC50,nM,5360.0,IC50,uM,5.36
CN1CCN(Cc2ccc3c(c2)Cc2c(-c4csc(C#CCOc5ccccc5)c4)n[nH]c2-3)CC1=O,CHEMBL225278,IC50,nM,10000.0,IC50,uM,10.0
CN1CCN(Cc2ccc3c(c2)Cc2c(-c4csc(C#CCOc5ccccc5)c4)n[nH]c2-3)C(=O)C1,CHEMBL225334,IC50,nM,10000.0,IC50,uM,10.0
CN1CCN(C(=O)c2ccc3c(c2)Cc2c(-c4csc(C#CCOc5ccccc5)c4)n[nH]c2-3)CC1,CHEMBL390735,IC50,nM,1720.0,IC50,uM,1.72
C(#Cc1cc(-c2n[nH]c3c2Cc2cc(CN4CCSC4)ccc2-3)cs1)COc1ccccc1,CHEMBL224027,IC50,nM,10000.0,IC50,uM,10.0
COCCOc1ccc2c(c1)Cc1c(-c3csc(C#CCOc4ccccc4)c3)n[nH]c1-2,CHEMBL223604,IC50,nM,10000.0,IC50,uM,10.0
CN(C)C(=O)COc1ccc2c(c1)Cc1c(-c3csc(C#CCOc4ccccc4)c3)n[nH]c1-2,CHEMBL374690,IC50,nM,10000.0,IC50,uM,10.0
C(#Cc1cc(-c2n[nH]c3c2Cc2cc(Cn4ccnc4)ccc2-3)cs1)COc1ccccc1,CHEMBL224834,IC50,nM,1430.0,IC50,uM,1.43
C(#Cc1cc(-c2n[nH]c3c2Cc2cc(Cn4cccn4)ccc2-3)cs1)COc1ccccc1,CHEMBL224889,IC50,nM,10000.0,IC50,uM,10.0
C(#Cc1cc(-c2n[nH]c3c2Cc2cc(Cn4ccnn4)ccc2-3)cs1)COc1ccccc1,CHEMBL224917,IC50,nM,10000.0,IC50,uM,10.0
C(#Cc1cc(-c2n[nH]c3c2Cc2cc(Cn4cncn4)ccc2-3)cs1)COc1ccccc1,CHEMBL224918,IC50,nM,10000.0,IC50,uM,10.0
CN1CCN(Cc2ccc3c(c2)Cc2c(-c4csc(C#CCOCC(N)=O)c4)n[nH]c2-3)CC1,CHEMBL225192,IC50,nM,10000.0,IC50,uM,10.0
COCCOCC#Cc1cc(-c2n[nH]c3c2Cc2cc(CN4CCN(C)CC4)ccc2-3)cs1,CHEMBL225193,IC50,nM,9190.0,IC50,uM,9.19
COCCOCC#Cc1cc(-c2n[nH]c3c2Cc2ccc(CN4CCN(C)CC4)cc2-3)cs1,CHEMBL225335,IC50,nM,10000.0,IC50,uM,10.0
COCCOCC#Cc1cc(-c2n[nH]c3c2Cc2cc(Cn4cncn4)ccc2-3)cs1,CHEMBL445404,IC50,nM,10000.0,IC50,uM,10.0
COCCOCC#Cc1cc(-c2n[nH]c3c2Cc2ccc(Cn4cncn4)cc2-3)cs1,CHEMBL223971,IC50,nM,10000.0,IC50,uM,10.0
CN1CCN(Cc2ccc3c(c2)Cc2c(-c4csc(C#CCOc5ccccc5)c4)n[nH]c2-3)C(=O)C1,CHEMBL225334,IC50,nM,53000.0,IC50,uM,53.0
C(#Cc1cc(-c2n[nH]c3c2Cc2cc(Cn4cncn4)ccc2-3)cs1)COc1ccccc1,CHEMBL224918,IC50,nM,1700.0,IC50,uM,1.7
COCCOCC#Cc1cc(-c2n[nH]c3c2Cc2cc(Cn4cncn4)ccc2-3)cs1,CHEMBL445404,IC50,nM,150000.0,IC50,uM,150.0
COCCOCC#Cc1cc(-c2n[nH]c3c2Cc2ccc(Cn4cncn4)cc2-3)cs1,CHEMBL223971,IC50,nM,11600.0,IC50,uM,11.6
COCCOCC#Cc1cc(-c2n[nH]c3c2C(=O)c2cc(CN4CCN(C)CC4)ccc2-3)cs1,CHEMBL387971,IC50,nM,9400.0,IC50,uM,9.4
COCCOCC#Cc1cc(-c2n[nH]c3c2C(=O)c2cc(CN4CCN(C)CC4)ccc2-3)cs1,CHEMBL387971,IC50,nM,5300.0,IC50,uM,5.3
CCN(CC)Cc1ccc2c(c1)CC[C@H](N1CCN(CCc3ccc(F)cc3)CC1=O)C2,CHEMBL214629,IC50,nM,8100.0,IC50,uM,8.1
CCN(CC)Cc1ccc2c(c1)CC[C@H](N1CCN(CCc3cccc(C(F)(F)F)c3)CC1=O)C2,CHEMBL214323,IC50,nM,1700.0,IC50,uM,1.7
CCN(CC)Cc1ccc2c(c1)CC[C@H](N1CCN(CCc3ccc(Cl)cc3)CC1=O)C2,CHEMBL384400,IC50,nM,3300.0,IC50,uM,3.3
CN(C)Cc1cc(OCCCN2CCCCC2)ccc1Nc1ncnc2ccccc12,CHEMBL425994,IC50,nM,10000.0,IC50,uM,10.0
Cc1n[nH]c2ccc(-c3cncc(OC[C@@H](N)Cc4ccccc4)c3)cc12,CHEMBL379218,IC50,nM,13400.0,IC50,uM,13.4
CN(CCOc1ccc(NS(C)(=O)=O)cc1)CCc1ccc(NS(C)(=O)=O)cc1,CHEMBL473,IC50,nM,9.2,IC50,nM,9.2
CC1(C)C2=C3CC4C5=[N+](CCC4OC3CCN2c2ccc(CC(=O)NCCCCCCN(CCOc3ccc(NS(C)(=O)=O)cc3)CCc3ccc(NS(C)(=O)=O)cc3)cc21)c1ccc(S(=O)(=O)[O-])cc1C5(C)C,CHEMBL227000,IC50,nM,310.0,IC50,nM,310.0
CS(=O)(=O)Nc1ccc(CCN(CCOc2ccc(NS(C)(=O)=O)cc2)c2ccc([N+](=O)[O-])c3nonc23)cc1,CHEMBL227134,IC50,nM,3.0,IC50,nM,3.0
N[C@H]1CN(c2ccncn2)CC[C@@H]1c1cc(F)c(F)cc1F.O=C(O)C(F)(F)F,CHEMBL230984,IC50,nM,26100.0,IC50,uM,26.1
Cc1nnc2ccc(N3CC[C@H](c4cc(F)c(F)cc4F)[C@@H](N)C3)nn12.O=C(O)C(F)(F)F,CHEMBL231497,IC50,nM,20300.0,IC50,uM,20.3
Cc1cc(=O)n2nc(N3CC[C@H](c4cc(F)c(F)cc4F)[C@@H](N)C3)ccc2n1.O=C(O)C(F)(F)F,CHEMBL231397,IC50,nM,33200.0,IC50,uM,33.2
N[C@H]1CN(c2ccc3nc(=O)ccn3n2)CC[C@@H]1c1cc(F)c(F)cc1F.O=C(O)C(F)(F)F,CHEMBL231396,IC50,nM,100000.0,IC50,uM,100.0
N[C@H]1CN(c2ccn3cnnc3n2)CC[C@@H]1c1cc(F)c(F)cc1F.O=C(O)C(F)(F)F,CHEMBL231294,IC50,nM,100000.0,IC50,uM,100.0
N[C@H]1CN(c2ccc3nc(C(F)(F)F)nn3n2)CC[C@@H]1c1cc(F)c(F)cc1F.O=C(O)C(F)(F)F,CHEMBL231293,IC50,nM,8100.0,IC50,uM,8.1
N[C@H]1CN(c2cnc3nccnc3n2)CC[C@@H]1c1cc(F)c(F)cc1F.O=C(O)C(F)(F)F,CHEMBL231196,IC50,nM,9900.0,IC50,uM,9.9
CCN1CCN(c2ccc(C(C)(C)NC(=O)c3cc4[nH]c5ccccc5c(=O)c4cc3F)cn2)CC1,CHEMBL229008,IC50,nM,25000.0,IC50,uM,25.0
CN(C(=O)CC[C@@H](C1CCCCC1)N1Cc2cc(Oc3ccccc3)ccc2N=C1N)C1CCCCC1,CHEMBL244347,IC50,nM,140.0,IC50,uM,0.14
N#Cc1ccc2c(c1)CCN(CC[C@H]1CC[C@H](NC(=O)c3ccnc4ccccc34)CC1)C2,CHEMBL85606,IC50,nM,1995.26,pIC50,,5.7
Cc1ccc2c(-c3nnc(SCCC(C)N4CCc5ccc(-c6cc(C)nn6C)cc5CC4)n3C)cccc2n1,CHEMBL242603,IC50,nM,1258.93,pIC50,,5.9
Cc1cc(-c2ccc3c(c2)CCN(CCSc2nnc(-c4ccc(F)c(F)c4)n2C)CC3)n(C)n1,CHEMBL242602,IC50,nM,501.19,pIC50,,6.3
Cc1cnc(-c2nnc(SCCN3CCc4ccc(-c5cc(C)nn5C)cc4CC3)n2C)cn1,CHEMBL242601,IC50,nM,1995.26,pIC50,,5.7
Cc1ccc2c(-c3nnc(SCCN4CCc5ccc(-c6cc(C)nn6C)cc5CC4)n3C)cccc2n1,CHEMBL245120,IC50,nM,1995.26,pIC50,,5.7
Cc1cc(-c2ccc3c(c2)CCN(CCCSc2nnc(-c4ocnc4C)n2C)CC3)n(C)n1,CHEMBL245119,IC50,nM,2511.89,pIC50,,5.6
Cc1cc(-c2ccc3c(c2)CCN(CCCSc2nnc(-c4ccc(C(F)(F)F)cc4)n2C)CC3)n(C)n1,CHEMBL390649,IC50,nM,31.62,pIC50,,7.5
Cc1cc(-c2ccc3c(c2)CCN(CCCSc2nnc(-c4ccc(F)c(F)c4)n2C)CC3)n(C)n1,CHEMBL245118,IC50,nM,251.19,pIC50,,6.6
Cc1ccc2c(-c3nnc(SCCCN4CCc5ccc(-c6cc(C)nn6C)cc5CC4)n3C)cccc2n1,CHEMBL244946,IC50,nM,1995.26,pIC50,,5.7
COc1ccc(-c2nnc(SCCCN3CCc4ccc(-c5cc(C)on5)cc4CC3)n2C)cn1,CHEMBL244945,IC50,nM,158.49,pIC50,,6.8
COc1ccc(-c2nnc(SCCCN3CCc4ccc(-c5cc(C)on5)cc4CC3)n2C)cc1,CHEMBL242600,IC50,nM,39.81,pIC50,,7.4
COc1ccccc1-c1nnc(SCCCN2CCc3ccc(-c4cc(C)on4)cc3CC2)n1C,CHEMBL390429,IC50,nM,39.81,pIC50,,7.4
Cc1cc(-c2ccc3c(c2)CCN(CCCSc2nnc(C4CCOCC4)n2C)CC3)no1,CHEMBL242598,IC50,nM,3981.07,pIC50,,5.4
Cc1cc(-c2ccc3c(c2)CCN(CCCSc2nnc(C4CCC(C)CC4)n2C)CC3)no1,CHEMBL243860,IC50,nM,125.89,pIC50,,6.9
Cc1cc(-c2ccc3c(c2)CCN(CCCSc2nnc(C4CCCC4)n2C)CC3)no1,CHEMBL243859,IC50,nM,794.33,pIC50,,6.1
Cc1cc(-c2ccc3c(c2)CCN(CCCSc2nnc(C(C)(C)C)n2C)CC3)no1,CHEMBL243474,IC50,nM,398.11,pIC50,,6.4
Cc1cc(-c2ccc3c(c2)CCN(CCCSc2nnc(C(C)C)n2C)CC3)no1,CHEMBL243901,IC50,nM,1258.93,pIC50,,5.9
Cc1cc(-c2ccc3c(c2)CCN(CCCSc2nnc(C(F)(F)F)n2C)CC3)no1,CHEMBL243900,IC50,nM,316.23,pIC50,,6.5
Cc1cc(-c2ccc3c(c2)CCN(CCCSc2nnc(C)n2C)CC3)no1,CHEMBL243899,IC50,nM,794.33,pIC50,,6.1
Cc1cc(-c2ccc3c(c2)CCN(CCCSc2nnc(-c4cccc(F)c4)n2C)CC3)no1,CHEMBL244280,IC50,nM,251.19,pIC50,,6.6
Cc1cc(-c2ccc3c(c2)CCN(CCCSc2nnc(-c4ccc(Cl)c(Cl)c4)n2C)CC3)no1,CHEMBL397222,IC50,nM,10.0,pIC50,,8.0
Cc1cc(-c2ccc3c(c2)CCN(CCCSc2nnc(-c4ccc(Cl)cc4)n2C)CC3)no1,CHEMBL244279,IC50,nM,25.12,pIC50,,7.6
Cc1cc(-c2ccc3c(c2)CCN(CCCSc2nnc(-c4cccc(Cl)c4)n2C)CC3)no1,CHEMBL244278,IC50,nM,79.43,pIC50,,7.1
Cc1cc(-c2ccc3c(c2)CCN(CCCSc2nnc(-c4ccccc4Cl)n2C)CC3)no1,CHEMBL244087,IC50,nM,63.1,pIC50,,7.2
Cc1cc(-c2ccc3c(c2)CCN(CCCSc2nnc(-c4cccn4C)n2C)CC3)no1,CHEMBL395743,IC50,nM,251.19,pIC50,,6.6
Cc1cc(-c2ccc3c(c2)CCN(CCCSc2nnc(-c4cccs4)n2C)CC3)no1,CHEMBL244086,IC50,nM,125.89,pIC50,,6.9
Cc1cc(-c2ccc3c(c2)CCN(CCCSc2nnc(-c4ccncc4)n2C)CC3)no1,CHEMBL244085,IC50,nM,794.33,pIC50,,6.1
Cc1cc(-c2ccc3c(c2)CCN(CCCSc2nnc(-c4ccccn4)n2C)CC3)no1,CHEMBL243898,IC50,nM,251.19,pIC50,,6.6
Cc1ccc(-c2nnc(SCCCN3CCc4ccc(-c5cc(C)on5)cc4CC3)n2C)cc1,CHEMBL395742,IC50,nM,25.12,pIC50,,7.6
Cc1cc(-c2ccc3c(c2)CCN(CCCSc2nnc(-c4ccc(C(F)(F)F)cc4)n2C)CC3)no1,CHEMBL243897,IC50,nM,63.1,pIC50,,7.2
Cc1cc(-c2ccc3c(c2)CCN(CCCSc2nnc(-c4ccc(C#N)cc4)n2C)CC3)no1,CHEMBL243896,IC50,nM,19.95,pIC50,,7.7
Cc1cc(-c2ccc3c(c2)CCN(CCCSc2nnc(-c4ccccc4)n2C)CC3)no1,CHEMBL243709,IC50,nM,1995.26,pIC50,,5.7
Cc1cc(-c2ccc3c(c2)CCN(CCCSc2nnc(-c4ccc5nc(C)c(C)nc5c4)n2C)CC3)no1,CHEMBL243708,IC50,nM,316.23,pIC50,,6.5
Cc1ccc2c(-c3nnc(SCCCN4CCc5ccc(-c6cc(C)on6)cc5CC4)n3C)cccc2n1,CHEMBL243707,IC50,nM,501.19,pIC50,,6.3
Cc1cnc(-c2ccc3c(c2)CCN(CCCSc2nnc(-c4cccn4C)n2C)CC3)o1,CHEMBL244277,IC50,nM,501.19,pIC50,,6.3
Cc1cnc(-c2ccc3c(c2)CCN(CCCSc2nnc(-c4ccc5[nH]ccc5c4)n2C)CC3)o1,CHEMBL244276,IC50,nM,39.81,pIC50,,7.4
Cc1cnc(-c2ccc3c(c2)CCN(CCCSc2nnc(-c4cc5ccccc5[nH]4)n2C)CC3)o1,CHEMBL397429,IC50,nM,50.12,pIC50,,7.3
Cc1cnc(-c2ccc3c(c2)CCN(CCCSc2nnc(-c4cccs4)n2C)CC3)o1,CHEMBL244275,IC50,nM,316.23,pIC50,,6.5
Cc1ccc2c(-c3nnc(SCCCN4CCc5ccc(-c6ncc(C)o6)cc5CC4)n3C)cccc2n1,CHEMBL244084,IC50,nM,794.33,pIC50,,6.1
Cc1nc(-c2cccc(C(=O)N[C@H]3CC[C@H](CCN4CCc5ccc(S(C)(=O)=O)cc5CC4)CC3)c2)no1,CHEMBL244083,IC50,nM,2511.89,pIC50,,5.6
Cc1ccc2c(-c3nnc(SCCCN4CCc5ccc(-c6cc(C)on6)cc5CC4)n3C)cccc2n1,CHEMBL243707,IC50,nM,125.89,pIC50,,6.9
CCN(CC)C(C)CCCNc1nccc(NCc2ccc(Cl)cc2Cl)n1.N,CHEMBL233047,IC50,nM,300.0,IC50,uM,0.3
O=C([C@@H]1CCCCN1)N1CCN(c2nc(NCc3ccc(Cl)cc3Cl)c3cccnc3n2)CC1,CHEMBL233046,IC50,nM,30000.0,IC50,uM,30.0
CN(C)C(=O)N1N=C(c2cc(F)ccc2F)C[C@@]1(CCCN)c1ccccc1,CHEMBL377566,IC50,nM,19300.0,IC50,uM,19.3
CN(C)C(=O)N1CC(c2cc(F)ccc2F)=C[C@@]1(CC[C@H](N)C(F)F)c1ccccc1,CHEMBL395034,IC50,nM,15900.0,IC50,uM,15.9
CN(C)C(=O)N1CC(c2cc(F)ccc2F)=C[C@@]1(CCCN)c1ccccc1,CHEMBL395332,IC50,nM,7100.0,IC50,uM,7.1
CS(=O)(=O)O.NC[C@H]1CC[C@]2(CC1)OOC1(O2)C2CC3CC(C2)CC1C3,CHEMBL3392292,IC50,nM,1800.0,IC50,uM,1.8
NC(=O)CNC[C@H]1CC[C@]2(CC1)OO[C@]1(O2)C2CC3CC(C2)CC1C3,CHEMBL233781,IC50,nM,2700.0,IC50,uM,2.7
CC(=O)N1CCN(CCC[C@@]2(c3ccccc3)CC(c3cc(F)ccc3F)=NN2C(C)=O)CC1,CHEMBL239414,IC50,nM,30000.0,IC50,nM,30000.0
O=C(CCc1ccccc1)N[C@H]1CC[C@H](c2ccc(O)cc2)CC1,CHEMBL236893,IC50,nM,30000.0,IC50,uM,30.0
O=C(CCc1ccccc1)N[C@H]1CC[C@](O)(c2ccc(O)c(F)c2)CC1,CHEMBL237533,IC50,nM,30000.0,IC50,uM,30.0
Cc1cc(O)ccc1[C@H]1CC[C@H](NC(=O)CCc2ccccc2)CC1,CHEMBL237323,IC50,nM,30000.0,IC50,uM,30.0
O=C(CCc1ccccc1)N[C@H]1CC[C@](O)(c2ccc(O)cc2)CC1,CHEMBL237320,IC50,nM,30000.0,IC50,uM,30.0
O=C(N[C@H]1CC[C@H](c2ccc(O)cc2)CC1)C1Cc2ccccc2CN1,CHEMBL237102,IC50,nM,30000.0,IC50,uM,30.0
Cc1cnc(CCC(=O)N[C@H]2CC[C@H](c3ccc(O)cc3)CC2)s1,CHEMBL237101,IC50,nM,10000.0,IC50,uM,10.0
O=C(CCc1ccccn1)N[C@H]1CC[C@H](c2ccc(O)cc2)CC1,CHEMBL236895,IC50,nM,30000.0,IC50,uM,30.0
O=C(CCc1cccnc1)N[C@H]1CC[C@H](c2ccc(O)cc2)CC1,CHEMBL236894,IC50,nM,30000.0,IC50,uM,30.0
O=C(CCc1ccccc1)N[C@H]1CC[C@](O)(c2ccc(O)cn2)CC1,CHEMBL237751,IC50,nM,30000.0,IC50,uM,30.0
C[C@@H]([C@@H](O)c1ccc(O)cc1)N1CCC(Cc2ccccc2)CC1,CHEMBL319706,IC50,nM,1000.0,IC50,uM,1.0
O=C1CC(Cc2ccccc2)CCN1CC(O)c1ccc(O)cc1,CHEMBL391122,IC50,nM,30000.0,IC50,uM,30.0
O=C1CCc2cc([C@@H](O)CN3CCC(O)(c4cccc(F)c4)CC3)ccc2N1,CHEMBL237793,IC50,nM,1100.0,IC50,uM,1.1
Cc1cc([C@]2(O)CC[C@@H](NC(=O)CCc3ccccc3)CC2)ccc1O,CHEMBL237321,IC50,ucm,10.0,IC50,ucm,10.0
Cc1cc(O)ccc1[C@]1(O)CC[C@@H](NC(=O)CCc2ccccc2)CC1,CHEMBL395904,IC50,ucm,10.0,IC50,ucm,10.0
O=C(CCc1ccccc1)N[C@H]1CC[C@H](c2ccc(O)c(F)c2)CC1,CHEMBL237534,IC50,ucm,10.0,IC50,ucm,10.0
CN(C)C(=O)[C@@H](c1ccc(-c2ccc(F)cc2)cc1)[C@H](N)C(=O)N1CC[C@H](F)C1,CHEMBL237119,IC50,nM,4600.0,IC50,uM,4.6
CC(=O)N[C@H]1CC[C@H]([C@H](C)[C@H](N)C(=O)N2CC[C@H](F)C2)CC1,CHEMBL237547,IC50,nM,100000.0,IC50,uM,100.0
CN(C)C(=O)[C@@H](c1ccc(-c2ccc3ncnn3c2)cc1)[C@H](N)C(=O)N1CC[C@H](F)C1,CHEMBL237337,IC50,nM,86000.0,IC50,uM,86.0
C[C@@H](c1ccc(-c2ccc(F)cc2)cc1)[C@H](N)C(=O)N1CC[C@H](F)C1,CHEMBL237336,IC50,nM,1100.0,IC50,uM,1.1
CN(C)C(=O)[C@@H]([C@H]1CC[C@H](c2ccc3ncnn3c2)CC1)[C@H](N)C(=O)N1CCC(F)(F)C1,CHEMBL437557,IC50,nM,90000.0,IC50,uM,90.0
CCOc1cc(CN2CCC(Nc3nc4ccccc4o3)CC2)ccc1OC,CHEMBL236587,IC50,nM,100.0,IC50,nM,100.0
CCOc1cc(CN2CCC(Nc3nc4cc(S(N)(=O)=O)ccc4o3)CC2)ccc1OC,CHEMBL393718,IC50,nM,3500.0,IC50,uM,3.5
CCOc1cc(CN2CCC(NC(=O)c3cccc(S(C)(=O)=O)c3)CC2)ccc1Cl,CHEMBL241330,IC50,nM,1300.0,IC50,uM,1.3
Cl.O=C(c1ccccc1)N1CCN(c2ccc(OCCCN3CCCCC3)cc2)C(=O)C1,CHEMBL559206,IC50,nM,63095.73,Log IC50,,-4.2
O=C(c1ccc(F)cc1F)N1CCN(c2ccc(OC3CCN(C4CCCC4)CC3)cc2)C(=O)C1.O=CO,CHEMBL392354,IC50,nM,25118.86,Log IC50,,-4.6
O=C(c1cc(F)cc(F)c1)N1CCN(c2ccc(OC3CCN(C4CCCC4)CC3)cc2)C(=O)C1.O=CO,CHEMBL240567,IC50,nM,7943.28,Log IC50,,-5.1
CS(=O)(=O)c1cccc(C(=O)N2CCN(c3ccc(OC4CCN(C5CCCC5)CC4)cc3)C(=O)C2)c1.O=CO,CHEMBL240565,IC50,nM,63095.73,Log IC50,,-4.2
CS(=O)(=O)c1ccc(C(=O)N2CCN(c3ccc(OC4CCN(C5CCCC5)CC4)cc3)C(=O)C2)cc1.O=CO,CHEMBL240178,IC50,nM,63095.73,Log IC50,,-4.2
N#Cc1ccc(C(=O)N2CCN(c3ccc(OC4CCN(C5CCCC5)CC4)cc3)C(=O)C2)cc1.O=CO,CHEMBL239964,IC50,nM,63095.73,Log IC50,,-4.2
O=C(c1ccc(F)cc1)N1CCN(c2ccc(OC3CCN(C4CCCC4)CC3)cc2)C(=O)C1.O=CO,CHEMBL239963,IC50,nM,19952.62,Log IC50,,-4.7
O=C(c1ccc(Cl)cc1)N1CCN(c2ccc(OC3CCN(C4CCCC4)CC3)cc2)C(=O)C1.O=CO,CHEMBL239744,IC50,nM,3981.07,Log IC50,,-5.4
O=C(c1ccc(C(=O)N2CCN(c3ccc(OC4CCN(C5CCC5)CC4)cc3)C(=O)C2)cc1)N1CCC1.O=CO,CHEMBL400224,IC50,nM,63095.73,Log IC50,,-4.2
O=C(c1ccc(F)cc1F)N1CCN(c2ccc(OC3CCN(C4CCC4)CC3)cc2)C(=O)C1.O=CO,CHEMBL239321,IC50,nM,63095.73,Log IC50,,-4.2
O=C(c1cc(F)cc(F)c1)N1CCN(c2ccc(OC3CCN(C4CCC4)CC3)cc2)C(=O)C1.O=CO,CHEMBL239101,IC50,nM,63095.73,Log IC50,,-4.2
CS(=O)(=O)c1ccc(C(=O)N2CCN(c3ccc(OC4CCN(C5CCC5)CC4)cc3)C(=O)C2)cc1.O=CO,CHEMBL398996,IC50,nM,63095.73,Log IC50,,-4.2
N#Cc1ccc(C(=O)N2CCN(c3ccc(OC4CCN(C5CCC5)CC4)cc3)C(=O)C2)cc1.O=CO,CHEMBL239099,IC50,nM,9332.54,Log IC50,,-5.03
Cl.O=C(c1ccc(F)cc1)N1CCN(c2ccc(OC3CCN(C4CCC4)CC3)cc2)C(=O)C1,CHEMBL537219,IC50,nM,31622.78,Log IC50,,-4.5
Cl.O=C(c1ccc(Cl)cc1)N1CCN(c2ccc(OC3CCN(C4CCC4)CC3)cc2)C(=O)C1,CHEMBL540634,IC50,nM,31622.78,Log IC50,,-4.5
Cc1ccc(C(=O)N2CCN(c3ccc(OC4CCN(C5CCC5)CC4)cc3)C(=O)C2)cc1.Cl,CHEMBL556782,IC50,nM,63095.73,Log IC50,,-4.2
Cl.O=C(c1ccccc1)N1CCN(c2ccc(OC3CCN(C4CCC4)CC3)cc2)C(=O)C1,CHEMBL540633,IC50,nM,63095.73,Log IC50,,-4.2
CC(C)N1CCC(Oc2ccc(N3CCN(C(=O)c4ccc(F)cc4F)CC3=O)cc2)CC1.O=CO,CHEMBL392532,IC50,nM,63095.73,Log IC50,,-4.2
CC(C)N1CCC(Oc2ccc(N3CCN(C(=O)c4cc(F)cc(F)c4)CC3=O)cc2)CC1.O=CO,CHEMBL430368,IC50,nM,63095.73,Log IC50,,-4.2
CC(C)N1CCC(Oc2ccc(N3CCN(C(=O)c4ccc(C#N)cc4)CC3=O)cc2)CC1.O=CO,CHEMBL238456,IC50,nM,63095.73,Log IC50,,-4.2
C[C@H]1CCCN1CCCOc1ccc(N2CCN(C(=O)c3ccc(F)cc3F)CC2=O)cc1.O=CO,CHEMBL239724,IC50,nM,31622.78,Log IC50,,-4.5
C[C@H]1CCCN1CCCOc1ccc(N2CCN(C(=O)c3cc(F)cc(F)c3)CC2=O)cc1.O=CO,CHEMBL392713,IC50,nM,12589.25,Log IC50,,-4.9
C[C@H]1CCCN1CCCOc1ccc(N2CCN(C(=O)c3ccc(C#N)cc3)CC2=O)cc1.O=CO,CHEMBL239510,IC50,nM,63095.73,Log IC50,,-4.2
C[C@H]1CCCN1CCCOc1ccc(N2CCN(C(=O)c3ccc(F)cc3)CC2=O)cc1.O=CO,CHEMBL239300,IC50,nM,25118.86,Log IC50,,-4.6
C[C@@H]1CCCN1CCCOc1ccc(N2CCN(C(=O)c3ccc(F)cc3F)CC2=O)cc1.O=CO,CHEMBL239299,IC50,nM,1584.89,Log IC50,,-5.8
C[C@@H]1CCCN1CCCOc1ccc(N2CCN(C(=O)c3cc(F)cc(F)c3)CC2=O)cc1.O=CO,CHEMBL239081,IC50,nM,501.19,Log IC50,,-6.3
C[C@@H]1CCCN1CCCOc1ccc(N2CCN(C(=O)c3ccc(C#N)cc3)CC2=O)cc1.O=CO,CHEMBL239080,IC50,nM,63095.73,Log IC50,,-4.2
C[C@@H]1CCCN1CCCOc1ccc(N2CCN(C(=O)c3ccc(F)cc3)CC2=O)cc1.O=CO,CHEMBL394144,IC50,nM,19952.62,Log IC50,,-4.7
O=C(c1ccc(F)cc1F)N1CCN(c2ccc(OCCCN3CCCCCC3)cc2)C(=O)C1.O=CO,CHEMBL238872,IC50,nM,50118.72,Log IC50,,-4.3
O=C(c1cc(F)cc(F)c1)N1CCN(c2ccc(OCCCN3CCCCCC3)cc2)C(=O)C1.O=CO,CHEMBL238871,IC50,nM,12589.25,Log IC50,,-4.9
N#Cc1ccc(C(=O)N2CCN(c3ccc(OCCCN4CCCCCC4)cc3)C(=O)C2)cc1.O=CO,CHEMBL400612,IC50,nM,12589.25,Log IC50,,-4.9
O=C(c1ccc(F)cc1)N1CCN(c2ccc(OCCCN3CCCCCC3)cc2)C(=O)C1.O=CO,CHEMBL238870,IC50,nM,12589.25,Log IC50,,-4.9
O=C(c1ccc(F)cc1F)N1CCN(c2ccc(OCCCN3CCCC3)cc2)C(=O)C1,CHEMBL240352,IC50,nM,15848.93,Log IC50,,-4.8
O=C(c1cc(F)cc(F)c1)N1CCN(c2ccc(OCCCN3CCCC3)cc2)C(=O)C1,CHEMBL394015,IC50,nM,7943.28,Log IC50,,-5.1
N#Cc1ccc(C(=O)N2CCN(c3ccc(OCCCN4CCCC4)cc3)C(=O)C2)cc1.O=CO,CHEMBL240141,IC50,nM,15848.93,Log IC50,,-4.8
O=C(c1ccc(F)cc1)N1CCN(c2ccc(OCCCN3CCCC3)cc2)C(=O)C1.O=CO,CHEMBL429458,IC50,nM,6309.57,Log IC50,,-5.2
CC(C)(C)C(=O)N1CCN(c2ccc(OCCCN3CCCCC3)cc2)C(=O)C1.Cl,CHEMBL537218,IC50,nM,63095.73,Log IC50,,-4.2
O=C(c1cnn2cccnc12)N1CCN(c2ccc(OCCCN3CCCCC3)cc2)C(=O)C1.O=CO,CHEMBL238504,IC50,nM,63095.73,Log IC50,,-4.2
O=C(c1ccncc1)N1CCN(c2ccc(OCCCN3CCCCC3)cc2)C(=O)C1.O=CO,CHEMBL238503,IC50,nM,63095.73,Log IC50,,-4.2
O=C(c1ccc(C(=O)N2CCN(c3ccc(OCCCN4CCCCC4)cc3)C(=O)C2)cc1)N1CCC1.O=CO,CHEMBL240395,IC50,nM,63095.73,Log IC50,,-4.2
O=C(c1ccc(F)cc1F)N1CCN(c2ccc(OCCCN3CCCCC3)cc2)C(=O)C1.O=CO,CHEMBL398812,IC50,nM,63095.73,Log IC50,,-4.2
O=C(c1cc(F)cc(F)c1)N1CCN(c2ccc(OCCCN3CCCCC3)cc2)C(=O)C1.O=CO,CHEMBL240394,IC50,nM,39810.72,Log IC50,,-4.4
CS(=O)(=O)c1cccc(C(=O)N2CCN(c3ccc(OCCCN4CCCCC4)cc3)C(=O)C2)c1.O=CO,CHEMBL240393,IC50,nM,63095.73,Log IC50,,-4.2
CS(=O)(=O)c1ccc(C(=O)N2CCN(c3ccc(OCCCN4CCCCC4)cc3)C(=O)C2)cc1,CHEMBL240187,IC50,nM,63095.73,Log IC50,,-4.2
O=C(c1ccc(F)cc1)N1CCN(c2ccc(OCCCN3CCCCC3)cc2)C(=O)C1.O=CO,CHEMBL240185,IC50,nM,50118.72,Log IC50,,-4.3
O=C(c1ccc(F)cc1)N1CCN(c2ccc(OCCCN3CCCCC3)cc2)C(=O)C1,CHEMBL239975,IC50,nM,31622.78,Log IC50,,-4.5
Cc1ccc(C(=O)N2CCN(c3ccc(OCCCN4CCCCC4)cc3)C(=O)C2)cc1.Cl,CHEMBL536991,IC50,nM,31622.78,Log IC50,,-4.5
COc1ccc2nccc([C@@H]3CN(C4CCN(Cc5cc6ccccc6[nH]5)CC4)C(=O)O3)c2c1,CHEMBL245568,IC50,nM,1584.89,Log IC50,,-5.8
COc1ccc2nccc(C3CN(C4CCN(Cc5ccc(C)c(C)c5)CC4)C(=O)O3)c2c1,CHEMBL397395,IC50,nM,6309.57,Log IC50,,-5.2
Cc1c(CN(C2CCOCC2)[C@H]2CCNC2)cccc1C(F)(F)F,CHEMBL391143,IC50,nM,2900.0,IC50,uM,2.9
Fc1ccc(CN(C2CCOCC2)[C@H]2CCNC2)c(F)c1F,CHEMBL246519,IC50,nM,1200.0,IC50,uM,1.2
FC(F)(F)c1ccccc1CN(C1CCOCC1)[C@H]1CCNC1,CHEMBL442272,IC50,nM,1100.0,IC50,uM,1.1
Cc1ccccc1CN(C1CCOCC1)[C@H]1CCNC1,CHEMBL397392,IC50,nM,2400.0,IC50,uM,2.4
Fc1cccc(CN(C2CCOCC2)[C@H]2CCNC2)c1C(F)(F)F,CHEMBL245492,IC50,nM,1600.0,IC50,uM,1.6
COc1ccc(CN2CCC(NC(=O)c3cc(=O)c4ccc(F)cc4o3)CC2)cc1F,CHEMBL214768,IC50,nM,8300.0,IC50,uM,8.3
O=C(CCN1CCCCC1)Nc1ccc(CN2CCC(NC(=O)c3cc(=O)c4ccc(F)cc4o3)CC2)cc1F,CHEMBL246464,IC50,nM,9180.0,IC50,uM,9.18
COc1cc(C(=O)NCCN2CCCC2)ccc1CN1CCC(NC(=O)c2cc(=O)c3ccc(F)cc3o2)CC1,CHEMBL246259,IC50,nM,6600.0,IC50,uM,6.6
O=C(NCCN1CCCC1)c1ccc(CN2CCC(NC(=O)c3cc(=O)c4ccc(F)cc4o3)CC2)c(Cl)c1,CHEMBL246258,IC50,nM,11000.0,IC50,uM,11.0
O=C(NCCN1CCC(F)(F)CC1)c1ccc(CN2CCC(NC(=O)c3cc(=O)c4ccc(F)cc4o3)CC2)cc1,CHEMBL246051,IC50,nM,6300.0,IC50,uM,6.3
O=C(NCCN1CCCCC1)c1ccc(CN2CCC(NC(=O)c3cc(=O)c4ccc(F)cc4o3)CC2)cc1,CHEMBL246050,IC50,nM,66000.0,IC50,uM,66.0
O=C(NC1CCN(Cc2ccc(C(=O)NCCN3CCCC3)c(F)c2)CC1)c1cc(=O)c2ccc(F)cc2o1,CHEMBL245846,IC50,nM,100000.0,IC50,uM,100.0
O=C(NC1CCN(Cc2ccc(OCCCN3C(=O)CSC3=O)c(F)c2)CC1)c1cc(=O)c2ccc(F)cc2o1,CHEMBL245844,IC50,nM,8500.0,IC50,uM,8.5
CC(C)CO/N=C/COc1ccc(CN2CCC(NC(=O)c3cc(=O)c4ccc(F)cc4o3)CC2)cc1F,CHEMBL394639,IC50,nM,450.0,IC50,uM,0.45
CO/N=C/COc1ccc(CN2CCC(NC(=O)c3cc(=O)c4ccc(F)cc4o3)CC2)cc1F,CHEMBL245642,IC50,nM,3200.0,IC50,uM,3.2
O=C(NC1CCN(Cc2ccc(OCCCN(C3CC3)C3CC3)c(F)c2)CC1)c1cc(=O)c2ccc(F)cc2o1,CHEMBL247891,IC50,nM,740.0,IC50,uM,0.74
O=C(NC1CCN(Cc2ccc(OCCCN3CCOCC3)c(F)c2)CC1)c1cc(=O)c2ccc(F)cc2o1,CHEMBL247690,IC50,nM,34000.0,IC50,uM,34.0
O=C(NC1CCN(Cc2ccc(OCC(F)(F)F)c(F)c2)CC1)c1cc(=O)c2ccc(F)cc2o1,CHEMBL247689,IC50,nM,1600.0,IC50,uM,1.6
COC(C)(C)CCOc1ccc(CN2CCC(NC(=O)c3cc(=O)c4ccc(F)cc4o3)CC2)cc1,CHEMBL247688,IC50,nM,4300.0,IC50,uM,4.3
O=C(NC1CCN(Cc2ccc(OCCCN3CCCCC3)c(F)c2)CC1)c1cc(=O)c2ccc(F)cc2o1,CHEMBL248297,IC50,nM,42000.0,IC50,uM,42.0
CN(C)CCCOc1ccc(CN2CCC(NC(=O)c3cc(=O)c4ccc(F)cc4o3)CC2)cc1F,CHEMBL248296,IC50,nM,65000.0,IC50,uM,65.0
O=C(NC1CCN(Cc2ccc3c(c2)OCO3)CC1)c1cc(=O)c2ccc(F)cc2o1,CHEMBL214021,IC50,nM,15100.0,IC50,uM,15.1
CN(C)C(=O)[C@@H](c1ccc(-c2ccc(F)cc2)cc1)[C@H](N)C(=O)N1CC[C@H](F)C1.O=C(O)C(F)(F)F,CHEMBL191067,IC50,nM,4600.0,IC50,uM,4.6
C[C@@H](C1CCC(N(C)C(=O)C2CC2)CC1)[C@H](N)C(=O)N1CC[C@H](F)C1.Cl,CHEMBL392825,IC50,nM,39000.0,IC50,uM,39.0
CC(=O)N(C)C1CCC([C@H](C)[C@H](N)C(=O)N2CC[C@H](F)C2)CC1.Cl,CHEMBL245545,IC50,nM,90000.0,IC50,uM,90.0
CC(=O)N(C)C1CCC([C@H](C(=O)N(C)C)[C@H](N)C(=O)N2CC[C@H](F)C2)CC1.Cl,CHEMBL428747,IC50,nM,90000.0,IC50,uM,90.0
C[C@@H](C1CCC(N(C)C(=O)c2cccc(F)c2)CC1)[C@H](N)C(=O)N1CC[C@H](F)C1.Cl,CHEMBL245379,IC50,nM,78000.0,IC50,uM,78.0
CN(C)C(=O)[C@@H](C1CCC(N(C)C(=O)c2cccc(F)c2)CC1)[C@H](N)C(=O)N1CC[C@H](F)C1.Cl,CHEMBL246374,IC50,nM,90000.0,IC50,uM,90.0
Cl.N[C@H](C(=O)N1CC[C@H](F)C1)C1CCC(NS(=O)(=O)c2ccc(F)cc2F)CC1,CHEMBL395213,IC50,nM,49000.0,IC50,uM,49.0
CN(C)C(=O)[C@@H](c1ccc(N(C)C(=O)c2ccc(F)cc2)cc1)[C@H](N)C(=O)N1CC[C@H](F)C1.O=C(O)C(F)(F)F,CHEMBL245969,IC50,nM,90000.0,IC50,uM,90.0
CC(C(O)c1ccc2[nH]c(=O)oc2c1)N1CCC(O)(c2ccc(F)cc2)CC1,CHEMBL246634,IC50,nM,2600.0,IC50,uM,2.6
CC(C(O)c1ccc2c(c1)CCC(=O)N2)N1CCC(O)(c2ccc(F)cc2)CC1,CHEMBL404851,IC50,nM,8600.0,IC50,uM,8.6
CC(C(O)c1ccc2c(c1)CN(C)C(=O)N2)N1CCC(O)(c2ccc(F)cc2)CC1,CHEMBL246816,IC50,nM,3100.0,IC50,uM,3.1
CC(C(O)c1ccc2c(c1)CNC(=O)N2)N1CCC(O)(c2ccc(F)cc2)CC1,CHEMBL246815,IC50,nM,7400.0,IC50,uM,7.4
CC(C(O)c1ccc2c(c1)OCC(=O)N2)N1CCC(O)(c2ccc(F)cc2)CC1,CHEMBL246635,IC50,nM,1600.0,IC50,uM,1.6
CC(C(O)c1ccc2c(c1)COC(=O)N2)N1CCC(O)(c2ccc(F)cc2)CC1,CHEMBL401407,IC50,nM,2400.0,IC50,uM,2.4
COc1cccc(C2(O)CCN(C(C)C(O)c3ccc4c(c3)CCC(=O)N4)CC2)c1,CHEMBL246818,IC50,nM,11000.0,IC50,uM,11.0
CC(C(O)c1ccc2c(c1)CCC(=O)N2)N1CCC(O)(c2ccc(Cl)cc2)CC1,CHEMBL247842,IC50,nM,1000.0,IC50,uM,1.0
CC(C(O)c1ccc2c(c1)CCC(=O)N2)N1CCC(O)(c2cccc(COc3ccccc3)c2)CC1,CHEMBL247841,IC50,nM,1500.0,IC50,uM,1.5
CC(C(O)c1ccc2c(c1)CCC(=O)N2)N1CCC(O)(c2cccc(F)c2)CC1,CHEMBL404852,IC50,nM,10000.0,IC50,uM,10.0
Cc1ccc(C2(O)CCN(C(C)C(O)c3ccc4c(c3)CCC(=O)N4)CC2)cc1,CHEMBL247840,IC50,nM,3300.0,IC50,uM,3.3
CC(C(O)c1ccc2c(c1)CCC(=O)N2)N1CCC(O)(c2ccc3c(c2)COCC3)CC1,CHEMBL246817,IC50,nM,16000.0,IC50,uM,16.0
O=C1CCc2cc(C(O)CN3CCC(O)(c4cccc(F)c4)CC3)ccc2N1,CHEMBL246819,IC50,nM,21000.0,IC50,uM,21.0
O=C1CCc2cc(C(O)CN3CCC(O)(c4cccc(F)c4)CC3)ccc2N1,CHEMBL246819,IC50,nM,9800.0,IC50,uM,9.8
O=C1CCc2cc(C(O)CN3CCC(O)(c4cccc(F)c4)CC3)ccc2N1,CHEMBL246819,IC50,nM,13000.0,IC50,uM,13.0
C[C@@H]([C@@H](O)c1ccc(O)cc1)N1CCC(O)(c2ccccc2)CC1,CHEMBL17350,IC50,nM,10000.0,IC50,uM,10.0
O=C(NC[C@H]1CC[C@@H](CCOc2ccccc2)CC1)c1cn[nH]c1,CHEMBL249093,IC50,nM,30000.0,IC50,uM,30.0
O=C(NCc1cccc(C(=O)NCc2ccccc2)c1)c1ccc(O)cc1,CHEMBL400917,IC50,nM,30000.0,IC50,uM,30.0
CC(=O)C1=NN2c3cc(F)ccc3OC[C@H]2[C@@]1(CCCN1CCN(C(C)=O)CC1)c1ccccc1,CHEMBL250125,IC50,nM,10000.0,IC50,nM,10000.0
CC(=O)C1=NN(c2cc(C)ccc2F)C[C@@]1(CCCN(C)C)c1ccccc1,CHEMBL247044,IC50,nM,3036.0,IC50,nM,3036.0
Cc1[nH]nc2c1c(=O)n(C[C@H](F)CN)c1cc(C3CCCCC3)c(C3CCCCC3)cc21,CHEMBL398612,IC50,nM,13200.0,IC50,nM,13200.0
Cc1[nH]nc2c1c(=O)n(CCCN)c1cc(C3CCCCC3)c(C3CCCCC3)cc21,CHEMBL250481,IC50,nM,5300.0,IC50,nM,5300.0
CC(=O)C1=NN2c3cc(F)ccc3OC[C@H]2[C@@]1(CCCN1CCC(=O)N(C)CC1)c1ccccc1,CHEMBL251142,IC50,nM,9600.0,IC50,nM,9600.0
CC(=O)C1=NN2c3cc(F)ccc3OC[C@H]2[C@@]1(CCCN1CCNC(=O)CC1)c1ccccc1,CHEMBL438876,IC50,nM,17000.0,IC50,nM,17000.0
CC(=O)C1=NN2c3cc(F)ccc3OC[C@H]2[C@@]1(CCCN1CCNCC1)c1ccccc1,CHEMBL401476,IC50,nM,4600.0,IC50,nM,4600.0
CC(=O)C1=NN2c3cc(F)ccc3OC[C@H]2[C@@]1(CCCO)c1ccccc1,CHEMBL250743,IC50,nM,18000.0,IC50,nM,18000.0
CC(=O)C1=NN2c3cc(F)ccc3OC[C@H]2[C@@]1(CCCN)c1ccccc1,CHEMBL250127,IC50,nM,940.0,IC50,nM,940.0
CC(=O)C1=NN2c3cc(Cl)ccc3OC[C@H]2[C@@]1(CCCN1CCN(C(C)=O)CC1)c1ccccc1,CHEMBL250126,IC50,nM,5600.0,IC50,nM,5600.0
CC(=O)C1=NN2c3cc(F)ccc3OC[C@H]2[C@@]1(CCCN1CCN(C(C)=O)CC1)c1ccccc1,CHEMBL250125,IC50,nM,10000.0,IC50,nM,10000.0
CC(=O)C1=NN2c3cc(C)ccc3OC[C@H]2[C@@]1(CCCN1CCOCC1)c1ccccc1,CHEMBL399378,IC50,nM,6300.0,IC50,nM,6300.0
CC(=O)C1=NN2c3cc(Cl)ccc3OC[C@H]2C1(CCCN1CCOCC1)c1ccccc1,CHEMBL250533,IC50,nM,3300.0,IC50,nM,3300.0
CC(=O)C1=NN2c3cc(F)ccc3OC[C@H]2[C@@]1(CCCN1CCOCC1)c1ccccc1,CHEMBL398478,IC50,nM,6100.0,IC50,nM,6100.0
CC(=O)C1=NN2c3cc(C)ccc3OC[C@H]2[C@@]1(CCCN(C)C)c1ccccc1,CHEMBL250532,IC50,nM,2400.0,IC50,nM,2400.0
CC(=O)C1=NN2c3cc(Cl)ccc3OC[C@H]2[C@@]1(CCCN(C)C)c1ccccc1,CHEMBL429553,IC50,nM,2000.0,IC50,nM,2000.0
CC(=O)C1=NN2c3cc(F)ccc3OC[C@H]2[C@@]1(CCCN(C)C)c1ccccc1,CHEMBL250328,IC50,nM,5940.0,IC50,nM,5940.0
N[C@H]1CN(C(=O)c2cnc3ccccc3n2)C(=O)[C@H]1C(=O)N1CCCC1,CHEMBL428936,IC50,nM,300000.0,IC50,nM,300000.0
Cc1cc(CN2C[C@H](N)[C@H](C(=O)C3CCC[C@H]3C#N)C2)cc(C)c1C#N,CHEMBL399791,IC50,nM,28900.0,IC50,nM,28900.0
Cc1cc(CN2C[C@H](N)[C@H](C(=O)C3CCC[C@H]3C#N)C2)ccc1C#N,CHEMBL429115,IC50,nM,19600.0,IC50,nM,19600.0
CC(c1ccc(C#N)cc1)N1C[C@H](N)[C@H](C(=O)N2CCC[C@H]2C#N)C1,CHEMBL249601,IC50,nM,10000.0,IC50,nM,10000.0
Cc1nnc(-c2ccc(CN3C[C@H](N)[C@H](C(=O)N4CCC[C@H]4C#N)C3)cc2)o1,CHEMBL399726,IC50,nM,165000.0,IC50,nM,165000.0
N#C[C@@H]1CCCN1C(=O)[C@@H]1CN(Cc2ccc(-n3cncn3)cc2)C[C@@H]1N,CHEMBL399525,IC50,nM,1800.0,IC50,nM,1800.0
CC(=O)c1cccc(NC(=O)N[C@@H]2CCCC[C@H]2CN2CCC[C@@H](Cc3ccc(F)cc3)C2)c1,CHEMBL250689,IC50,nM,400.0,IC50,nM,400.0
CC(=O)c1sc(NC(=O)N[C@@H]2CN(C(C)=O)CC[C@H]2CN2CCC[C@@H](Cc3ccc(F)cc3)C2)nc1C,CHEMBL249854,IC50,nM,6000.0,IC50,nM,6000.0
Cc1cccc(NC(=O)c2ccc(-c3ccc(Cl)cc3)o2)c1,CHEMBL429663,IC50,nM,27000.0,IC50,uM,27.0
CN1CCCc2cc(NC(=O)c3ccc(-c4ccc(Cl)cc4)o3)ccc21,CHEMBL250877,IC50,nM,5300.0,IC50,uM,5.3
Cc1cccc(NC(=N)c2ccc(-c3ccc(Cl)cc3)o2)c1.Cl,CHEMBL539863,IC50,nM,2100.0,IC50,uM,2.1
Cc1cccc(NC(=O)c2ccc(-c3ccc(OC(F)(F)F)cc3)o2)c1,CHEMBL250443,IC50,nM,30000.0,IC50,uM,30.0
Cc1cccc(NC(=O)c2ccc(-c3ccc(C#N)cc3)o2)c1,CHEMBL401258,IC50,nM,5800.0,IC50,uM,5.8
Cc1ccnc(NC(=O)c2ccc(-c3ccc(Cl)cc3)o2)c1,CHEMBL250048,IC50,nM,30000.0,IC50,uM,30.0
COc1cc(NC(=O)c2ccc(-c3ccc(Cl)cc3)o2)cc(OC)c1,CHEMBL250699,IC50,nM,30000.0,IC50,uM,30.0
Cc1cccc(N/C(=N/C#N)c2ccc(-c3ccc(Cl)cc3)o2)c1,CHEMBL255023,IC50,nM,30000.0,IC50,uM,30.0
C[C@@H](NC(=O)c1ccc(-c2ccc(Cl)cc2)o1)C(=O)N1CCN(CCCOc2ccc(C(=O)C3CC3)cc2)CC1,CHEMBL251241,IC50,nM,800.0,IC50,uM,0.8
Nc1ccc(-c2ccccc2)cc1NC(=O)c1ccc(CNC(=O)OCc2cccnc2)cc1,CHEMBL253868,IC50,nM,3000.0,IC50,uM,3.0
Nc1ccc(-c2ccccc2)cc1NC(=O)c1ccc(CNC(=O)CCc2cccnc2)cc1,CHEMBL253869,IC50,nM,3700.0,IC50,uM,3.7
CC(C)[C@]1(C(=O)NCc2cc(C(F)(F)F)cc(C(F)(F)F)c2)CC[C@@H](N2CCC(c3ccc(F)cc3)CC2)C1,CHEMBL428594,IC50,nM,16.0,IC50,nM,16.0
CC(C)[C@]1(C(=O)NCc2cc(C(F)(F)F)cc(C(F)(F)F)c2)CC[C@@H](N2CCC(c3cccc(C(=O)O)c3)CC2)C1,CHEMBL255511,IC50,nM,600.0,IC50,nM,600.0
CC(C)[C@]1(C(=O)NCc2cc(C(F)(F)F)cc(C(F)(F)F)c2)CC[C@@H](N2CCC(c3ccncn3)CC2)C1,CHEMBL256954,IC50,nM,130.0,IC50,nM,130.0
CC(C)(O)[C@]1(C(=O)NCc2cc(C(F)(F)F)cc(C(F)(F)F)c2)CC[C@@H](N2CCC(c3cc(Cl)ncn3)CC2)C1,CHEMBL401608,IC50,nM,186.0,IC50,nM,186.0
CC(C)(O)[C@]1(C(=O)NCc2cc(C(F)(F)F)cc(C(F)(F)F)c2)CC[C@@H](N2CCC(c3cncnc3)CC2)C1,CHEMBL429849,IC50,nM,844.0,IC50,nM,844.0
CC(C)[C@]1(C(=O)NCc2cc(C(F)(F)F)cc(C(F)(F)F)c2)CC[C@@H](N2CCC(c3cncnc3)CC2)C1,CHEMBL256154,IC50,nM,1800.0,IC50,nM,1800.0
CC(C)[C@]1(C(=O)NCc2cc(C(F)(F)F)cc(C(F)(F)F)c2)CC[C@@H](N2CCC(c3cncnc3)CC2)C1,CHEMBL256154,IC50,nM,1413.0,IC50,nM,1413.0
CC(C)(O)[C@]1(C(=O)NCc2cc(C(F)(F)F)cc(C(F)(F)F)c2)CC[C@@H](N2CCC(c3cccc(C(=O)O)c3)CC2)C1,CHEMBL402624,IC50,nM,19720.0,IC50,nM,19720.0
CC(C)[C@]1(C(=O)NCc2cc(C(F)(F)F)cc(C(F)(F)F)c2)CC[C@@H](N2CCC(c3cccc(C(=O)O)c3)CC2)C1,CHEMBL255511,IC50,nM,2786.0,IC50,nM,2786.0
CC(C)[C@]1(C(=O)NCc2cc(C(F)(F)F)cc(C(F)(F)F)c2)CC[C@@H](N2CCC(c3cccc(O)c3)CC2)C1,CHEMBL255312,IC50,nM,67.0,IC50,nM,67.0
COc1cccc(C2CCN([C@@H]3CC[C@@](C(=O)NCc4cc(C(F)(F)F)cc(C(F)(F)F)c4)(C(C)C)C3)CC2)c1,CHEMBL403033,IC50,nM,217.0,IC50,nM,217.0
CC(C)[C@]1(C(=O)NCc2cc(C(F)(F)F)cc(C(F)(F)F)c2)CC[C@@H](N2CCC(c3cccc(F)c3)CC2)C1,CHEMBL258246,IC50,nM,45.0,IC50,nM,45.0
CC(C)(O)[C@]1(C(=O)NCc2cc(C(F)(F)F)cc(C(F)(F)F)c2)CC[C@@H](N2CCC(c3ccc(F)cc3)CC2)C1,CHEMBL428602,IC50,nM,54.0,IC50,nM,54.0
CC(C)[C@]1(C(=O)NCc2cc(C(F)(F)F)cc(C(F)(F)F)c2)CC[C@@H](N2CCC(c3cccnc3)CC2)C1,CHEMBL255513,IC50,nM,224.0,IC50,nM,224.0
Cc1nc[n+]([O-])c(C)c1C(=O)N1CCC(C)(N2CCC(N(c3ccccc3)c3ccccc3)CC2)CC1,CHEMBL58004,IC50,nM,1200.0,IC50,uM,1.2
Cc1cc[n+]([O-])c(C)c1C(=O)N1CCC(C)(N2CCC(N(c3ccccc3)c3cccnc3)CC2)CC1,CHEMBL255858,IC50,nM,30000.0,IC50,uM,30.0
Cc1nc(CN(c2ccccc2)C2CCN(C3(C)CCN(C(=O)c4c(C)cc[n+]([O-])c4C)CC3)CC2)cs1,CHEMBL255857,IC50,nM,12200.0,IC50,uM,12.2
Cc1ccnc(C)c1C(=O)N1CCC(C)(N2CCC(N(c3ccccc3)c3cccnc3)CC2)CC1,CHEMBL255856,IC50,nM,30000.0,IC50,uM,30.0
CC1(N2CCC(N(c3ccccc3)c3cccnc3)CC2)CCN(C(=O)c2c(Cl)c[n+]([O-])cc2Cl)CC1,CHEMBL255645,IC50,nM,4400.0,IC50,uM,4.4
CC1(N2CCC(N(c3ccccc3)c3cccnc3)CC2)CCN(C(=O)c2c(Cl)cncc2Cl)CC1,CHEMBL255644,IC50,nM,2000.0,IC50,uM,2.0
Cc1cccnc1C(=O)N1CCC(C)(N2CCC(N(c3ccccc3)c3cccnc3)CC2)CC1,CHEMBL255431,IC50,nM,410.0,IC50,uM,0.41
Cc1cc[n+]([O-])c(C)c1C(=O)N1CCC(C)(N2CCC(N(Cc3cccc(C#N)c3)c3ccccc3)CC2)CC1,CHEMBL59511,IC50,nM,1300.0,IC50,uM,1.3
Cc1cccc(C)c1C(=O)N1CCC(C)(N2CCC(N(Cc3ccccc3)c3ccccc3)CC2)CC1,CHEMBL301454,IC50,nM,670.0,IC50,uM,0.67
Cc1cccc(C)c1C(=O)N1CCC(C)(N2CCC(N(c3ccccc3)c3ccccc3)CC2)CC1,CHEMBL62152,IC50,nM,150.0,IC50,uM,0.15
Cc1cc[n+]([O-])c(C)c1C(=O)N1CCC(C)(N2CCC(N(Cc3ccccc3)c3ccccc3)CC2)CC1,CHEMBL61536,IC50,nM,550.0,IC50,uM,0.55
Cc1ccnc(C)c1C(=O)N1CCC(C)(N2CCC(N(c3ccccc3)c3ccccc3)CC2)CC1,CHEMBL58387,IC50,nM,570.0,IC50,uM,0.57
O=C(Cn1cc(Nc2nncc3cc(OCCCN4CCC[C@@H]4CO)ccc23)cn1)Nc1cccc(F)c1F,CHEMBL253968,IC50,nM,100000.0,IC50,uM,100.0
O=C(Cn1cc(Nc2nncc3cc(OCCCN4CCC[C@@H]4COP(=O)(O)O)ccc23)cn1)Nc1cccc(F)c1F,CHEMBL250766,IC50,nM,100000.0,IC50,uM,100.0
C[C@@H](Oc1cccc2ncnc(Nc3ccc4c(cnn4Cc4ccccn4)c3)c12)C(=O)N(C)C,CHEMBL402011,IC50,nM,25000.0,IC50,uM,25.0
Cc1cc(C)n(-c2cc(NC(=O)COc3cccc(CN(C)C)c3)nc(-c3ccc(C)o3)n2)n1,CHEMBL401895,IC50,nM,1200.0,IC50,nM,1200.0
CN1CCC(Oc2cccc3ncnc(Nc4ccc(OCc5ccccn5)c(Cl)c4)c23)CC1,CHEMBL193544,IC50,nM,5000.0,IC50,uM,5.0
Cc1ccc(Oc2ccc(Nc3ncnc4cccc(O[C@@H](C)C(=O)N(C)C)c34)cc2C)cn1,CHEMBL429760,IC50,nM,11000.0,IC50,uM,11.0
Cc1ccc(Oc2ccc(Nc3ncnc4cccc(O[C@H](C)C(=O)N(C)C)c34)cc2C)cn1,CHEMBL256362,IC50,nM,8000.0,IC50,uM,8.0
Cc1ccc(Oc2ccc(Nc3ncnc4cccc(O[C@H](C)C(=O)N(C)CCO)c34)cc2C)cn1,CHEMBL257478,IC50,nM,12000.0,IC50,uM,12.0
CNC(=O)[C@@H](C)Oc1cccc2ncnc(Nc3ccc(OCc4ccccn4)c(Cl)c3)c12,CHEMBL403594,IC50,nM,32000.0,IC50,uM,32.0
C[C@H](Oc1cccc2ncnc(Nc3ccc(OCc4ccccn4)c(Cl)c3)c12)C(=O)N(C)C,CHEMBL255968,IC50,nM,10000.0,IC50,uM,10.0
C[C@@H](Oc1cccc2ncnc(Nc3ccc(OCc4ccccn4)c(Cl)c3)c12)C(=O)N(C)C,CHEMBL428777,IC50,nM,14000.0,IC50,uM,14.0
C[C@@H](Oc1cccc2ncnc(Nc3ccc(OCc4ccccn4)c(Cl)c3)c12)C(=O)N1CCOCC1,CHEMBL403774,IC50,nM,10000.0,IC50,uM,10.0
C[C@H](Oc1cccc2ncnc(Nc3ccc(OCc4ccccn4)c(Cl)c3)c12)C(=O)N(C)CCO,CHEMBL256060,IC50,nM,11000.0,IC50,uM,11.0
C[C@@H](Oc1cccc2ncnc(Nc3ccc(OCc4ccccn4)c(Cl)c3)c12)C(=O)N(C)CCO,CHEMBL258313,IC50,nM,12000.0,IC50,uM,12.0
N#Cc1ccc2c(c1)CCN(CC[C@H]1CC[C@H](NC(=O)c3ccnc4ccccc34)CC1)C2,CHEMBL85606,IC50,nM,1995.26,Log IC50,,-5.7
Cc1cc(-c2nc3c4c(ccc3o2)CCN(CCCSc2nnc(-c3ocnc3C)n2C)CC4)n(C)n1,CHEMBL272297,IC50,nM,794.33,Log IC50,,-6.1
Cc1ccc2c(-c3nnc(SCCCN4CCc5ccc6oc(-c7cc(C)nn7C)nc6c5CC4)n3C)cccc2n1,CHEMBL402853,IC50,nM,794.33,Log IC50,,-6.1
Cc1ccc2c(-c3nnc(SCCCN4CCc5c(Cl)cc6oc(C)nc6c5CC4)n3C)cccc2n1,CHEMBL403815,IC50,nM,1584.89,Log IC50,,-5.8
Cc1nc(C)c(-c2nnc(SCCCN3CCc4ccc5oc(C(F)(F)F)nc5c4CC3)n2C)s1,CHEMBL270376,IC50,nM,794.33,Log IC50,,-6.1
Cn1c(SCCCN2CCc3ccc4oc(C(F)(F)F)nc4c3CC2)nnc1-c1ccccc1,CHEMBL270387,IC50,nM,251.19,Log IC50,,-6.6
Cc1ncccc1-c1nnc(SCCCN2CCc3ccc4oc(C(F)(F)F)nc4c3CC2)n1C,CHEMBL255158,IC50,nM,3981.07,Log IC50,,-5.4
Cc1ccc(-c2nnc(SCCCN3CCc4ccc5oc(C(F)(F)F)nc5c4CC3)n2C)cn1,CHEMBL404404,IC50,nM,1584.89,Log IC50,,-5.8
Cc1cnc(-c2nnc(SCCCN3CCc4ccc5oc(C(F)(F)F)nc5c4CC3)n2C)cn1,CHEMBL270602,IC50,nM,1258.93,Log IC50,,-5.9
Cc1ncoc1-c1nnc(SCCCN2CCc3ccc4oc(C(F)(F)C(F)(F)F)nc4c3CC2)n1C,CHEMBL402215,IC50,nM,316.23,Log IC50,,-6.5
Cc1ccc2c(-c3nnc(SCCCN4CCc5ccc6oc(C(F)(F)C(F)(F)F)nc6c5CC4)n3C)cccc2n1,CHEMBL271034,IC50,nM,251.19,Log IC50,,-6.6
Cc1ncoc1-c1nnc(SCCCN2CCc3ccc4oc(C(C)(F)F)nc4c3CC2)n1C,CHEMBL437792,IC50,nM,2511.89,Log IC50,,-5.6
Cc1ncoc1-c1nnc(SCCCN2CCc3ccc4oc(C(F)(F)F)nc4c3CC2)n1C,CHEMBL271449,IC50,nM,1258.93,Log IC50,,-5.9
Cc1ccc2c(-c3nnc(SCCCN4CCc5ccc6oc(C(F)(F)F)nc6c5CC4)n3C)cccc2n1,CHEMBL272150,IC50,nM,1995.26,Log IC50,,-5.7
CCc1nc2c3c(ccc2o1)CCN(CCCSc1nnc(-c2ocnc2C)n1C)CC3,CHEMBL427836,IC50,nM,5011.87,Log IC50,,-5.3
CCc1nc2c3c(ccc2o1)CCN(CCCSc1nnc(-c2cccc4nc(C)ccc24)n1C)CC3,CHEMBL442456,IC50,nM,6309.57,Log IC50,,-5.2
Cc1nc2c3c(ccc2o1)CCN(CCCSc1nnc(-c2ocnc2C)n1C)CC3,CHEMBL402422,IC50,nM,12589.25,Log IC50,,-4.9
Cc1ccc2c(-c3nnc(SCCCN4CCc5ccc6oc(C)nc6c5CC4)n3C)cccc2n1,CHEMBL272511,IC50,nM,2511.89,Log IC50,,-5.6
Cc1ccc2c(-c3nnc(SCCCN4CCc5ccc(-c6cc(C)nn6C)cc5CC4)n3C)cccc2n1,CHEMBL244946,IC50,nM,1995.26,Log IC50,,-5.7
Cc1ncoc1-c1nnc(SCCCN2CCc3nc4ccc(C(F)(F)F)cn4c3CC2)n1C,CHEMBL271511,IC50,nM,1995.26,Log IC50,,-5.7
Cc1ccc2c(-c3nnc(SCCCN4CCc5nc6ccc(C(F)(F)F)cn6c5CC4)n3C)cccc2n1,CHEMBL271729,IC50,nM,5011.87,Log IC50,,-5.3
Cc1ncoc1-c1nnc(SCCCN2CCc3nc4cc(C(F)(F)F)ccn4c3CC2)n1C,CHEMBL272588,IC50,nM,794.33,Log IC50,,-6.1
Cc1ccc2c(-c3nnc(SCCCN4CCc5nc6cc(C(F)(F)F)ccn6c5CC4)n3C)cccc2n1,CHEMBL411293,IC50,nM,251.19,Log IC50,,-6.6
Cc1ccc2c(-c3nnc(SCCCN4CCc5nc6ccccn6c5CC4)n3C)cccc2n1,CHEMBL406678,IC50,nM,2511.89,Log IC50,,-5.6
Cc1ccc2c(-c3nnc(SCCCN4CCc5nc6ccc(Cl)cn6c5CC4)n3C)cccc2n1,CHEMBL257716,IC50,nM,1584.89,Log IC50,,-5.8
Cc1ccc2nc3c(n2c1)CCN(CCCSc1nnc(-c2cccc4nc(C)ccc24)n1C)CC3,CHEMBL256658,IC50,nM,2511.89,Log IC50,,-5.6
Cc1ccn2c3c(nc2c1)CCN(CCCSc1nnc(-c2cccc4nc(C)ccc24)n1C)CC3,CHEMBL257717,IC50,nM,251.19,Log IC50,,-6.6
CCc1nc2ccc3c(c2s1)CCN(CCCSc1nnc(-c2ocnc2C)n1C)CC3,CHEMBL403804,IC50,nM,3162.28,Log IC50,,-5.5
CCc1nc2ccc3c(c2s1)CCN(CCCSc1nnc(-c2cccc4nc(C)ccc24)n1C)CC3,CHEMBL256442,IC50,nM,158.49,Log IC50,,-6.8
Cc1nc2ccc3c(c2s1)CCN(CCCSc1nnc(-c2ocnc2C)n1C)CC3,CHEMBL255220,IC50,nM,12589.25,Log IC50,,-4.9
Cc1ccc2c(-c3nnc(SCCCN4CCc5ccc6nc(C)sc6c5CC4)n3C)cccc2n1,CHEMBL271909,IC50,nM,3162.28,Log IC50,,-5.5
Cc1ncoc1-c1nnc(SCCCN2CCc3ccc4nc(C(C)(F)F)oc4c3CC2)n1C,CHEMBL272775,IC50,nM,5011.87,Log IC50,,-5.3
Cc1ccc2c(-c3nnc(SCCCN4CCc5ccc6nc(C(C)(F)F)oc6c5CC4)n3C)cccc2n1,CHEMBL256488,IC50,nM,2511.89,Log IC50,,-5.6
Cc1ncoc1-c1nnc(SCCCN2CCc3ccc4nc(C(F)(F)F)oc4c3CC2)n1C,CHEMBL256659,IC50,nM,5011.87,Log IC50,,-5.3
Cc1ccc2c(-c3nnc(SCCCN4CCc5ccc6nc(C(F)(F)F)oc6c5CC4)n3C)cccc2n1,CHEMBL404363,IC50,nM,1000.0,Log IC50,,-6.0
CN(C)S(=O)(=O)N(C)[C@@H]1CCCn2c1nc(C(=O)NCc1ccc(F)cc1)c(O)c2=O,CHEMBL408479,IC50,nM,20000.0,IC50,uM,20.0
CN(C)C(=O)C(=O)N(C)[C@H]1CCCCn2c1nc(C(=O)NCc1ccc(F)cc1)c(O)c2=O,CHEMBL408962,IC50,nM,10000.0,IC50,uM,10.0
Cc1ccc2c(-c3nnc(SCCCN4CCc5cc6c(cc5CC4)OCC(=O)N6)n3C)cccc2n1,CHEMBL271066,IC50,nM,6.31,pIC50,,8.2
Cc1ccc2c(-c3nnc(SCCCN4CCc5cc6c(cc5CC4)OCCN6)n3C)cccc2n1,CHEMBL408169,IC50,nM,398.11,pIC50,,6.4
CC(=O)N1CCOc2cc3c(cc21)CCN(CCCSc1nnc(-c2cccc4nc(C)ccc24)n1C)CC3,CHEMBL272702,IC50,nM,10000.0,pIC50,,5.0
Cc1ccc2c(-c3nnc(SCCCN4CCc5cc6c(cc5CC4)N(S(C)(=O)=O)CCO6)n3C)cccc2n1,CHEMBL272379,IC50,nM,7943.28,pIC50,,5.1
Cc1ncoc1-c1nnc(SCCCN2CCc3cc4c(cc3CC2)N(C)C(=O)CO4)n1C,CHEMBL257534,IC50,nM,25118.86,pIC50,,4.6
Cc1ccc2c(-c3nnc(SCCCN4CCc5cc6c(cc5CC4)N(C)C(=O)CO6)n3C)cccc2n1,CHEMBL256652,IC50,nM,5011.87,pIC50,,5.3
Cc1ncoc1-c1nnc(SCCCN2CCc3cc4c(cc3CC2)OCC(=O)N4)n1C,CHEMBL257536,IC50,nM,63.1,pIC50,,7.2
Cc1noc2cc3c(cc12)CCN(CCCSc1nnc(-c2ccc(C(F)(F)F)cc2)n1C)CC3,CHEMBL401576,IC50,nM,125.89,pIC50,,6.9
CCc1noc2cc3c(cc12)CCN(CCCSc1nnc(-c2cccc4nc(C)ccc24)n1C)CC3,CHEMBL403181,IC50,nM,1000.0,pIC50,,6.0
Cc1ncoc1-c1nnc(SCCCN2CCc3cc4onc(C)c4cc3CC2)n1C,CHEMBL256475,IC50,nM,6309.57,pIC50,,5.2
Cc1ccc2c(-c3nnc(SCCCN4CCc5cc6onc(C)c6cc5CC4)n3C)cccc2n1,CHEMBL257946,IC50,nM,794.33,pIC50,,6.1
Cc1cc(-c2nc3cc4c(cc3o2)CCN(CCCSc2nnc(-c3ocnc3C)n2C)CC4)n(C)n1,CHEMBL401728,IC50,nM,1000.0,pIC50,,6.0
Cc1ccc2c(-c3nnc(SCCCN4CCc5cc6nc(-c7cc(C)nn7C)oc6cc5CC4)n3C)cccc2n1,CHEMBL270567,IC50,nM,501.19,pIC50,,6.3
Cc1ncoc1-c1nnc(SCCCN2CCc3cc4nc(C(F)(F)C(F)(F)F)oc4cc3CC2)n1C,CHEMBL271083,IC50,nM,199.53,pIC50,,6.7
Cc1ccc2c(-c3nnc(SCCCN4CCc5cc6nc(C(F)(F)C(F)(F)F)oc6cc5CC4)n3C)cccc2n1,CHEMBL270227,IC50,nM,100.0,pIC50,,7.0
Cc1ccc2c(-c3nnc(SCCCN4CCc5cc6nc(N(C)C)oc6cc5CC4)n3C)cccc2n1,CHEMBL255620,IC50,nM,19952.62,pIC50,,4.7
Cc1ccc2c(-c3nnc(SCCCN4CCc5cc6nc(N7CCCCC7)oc6cc5CC4)n3C)cccc2n1,CHEMBL255826,IC50,nM,5011.87,pIC50,,5.3
Cc1ncoc1-c1nnc(SCCCN2CCc3cc4nc(CC5CC5)oc4cc3CC2)n1C,CHEMBL255619,IC50,nM,1000.0,pIC50,,6.0
Cc1ccc2c(-c3nnc(SCCCN4CCc5cc6nc(CC7CC7)oc6cc5CC4)n3C)cccc2n1,CHEMBL273166,IC50,nM,1258.93,pIC50,,5.9
COCc1nc2cc3c(cc2o1)CCN(CCCSc1nnc(-c2cccc4nc(C)ccc24)n1C)CC3,CHEMBL256472,IC50,nM,15848.93,pIC50,,4.8
Cc1ccc2c(-c3nnc(SCCCN4CCc5cc6nc(C(C)(F)F)oc6cc5CC4)n3C)cccc2n1,CHEMBL256473,IC50,nM,1258.93,pIC50,,5.9
Cc1ccc2c(-c3nnc(SCCCN4CCc5cc6nc(CC(F)(F)F)oc6cc5CC4)n3C)cccc2n1,CHEMBL258090,IC50,nM,2511.89,pIC50,,5.6
Cc1ccc2c(-c3nnc(SCCCN4CCc5cc6nc(C(F)(F)F)oc6cc5CC4)n3C)cccc2n1,CHEMBL402016,IC50,nM,1000.0,pIC50,,6.0
CCc1nc2cc3c(cc2o1)CCN(CCCSc1nnc(-c2ccc(F)c(F)c2)n1C)CC3,CHEMBL256651,IC50,nM,1258.93,pIC50,,5.9
CCc1nc2cc3c(cc2o1)CCN(CCCSc1nnc(-c2ccc(C(F)(F)F)cc2)n1C)CC3,CHEMBL271096,IC50,nM,251.19,pIC50,,6.6
CCc1nc2cc3c(cc2o1)CCN(CCCSc1nnc(-c2cccnc2)n1C)CC3,CHEMBL272302,IC50,nM,15848.93,pIC50,,4.8
Cc1nc2cc3c(cc2o1)CCN(CCCSc1nnc(C2CCOCC2)n1C)CC3,CHEMBL270209,IC50,nM,63095.73,pIC50,,4.2
Cc1nc2cc3c(cc2o1)CCN(CCCSc1nnc(-c2ccc(F)c(F)c2)n1C)CC3,CHEMBL269995,IC50,nM,10000.0,pIC50,,5.0
Cc1nc2cc3c(cc2o1)CCN(CCCSc1nnc(-c2ccc(C(F)(F)F)cc2)n1C)CC3,CHEMBL439065,IC50,nM,3981.07,pIC50,,5.4
Cc1nc2cc3c(cc2o1)CCN(CCCSc1nnc(-c2cccnc2)n1C)CC3,CHEMBL256653,IC50,nM,50118.72,pIC50,,4.3
Cc1ccc2c(-c3nnc(SCCCN4CCc5cc6nc(C(C)(C)C)oc6cc5CC4)n3C)cccc2n1,CHEMBL429132,IC50,nM,794.33,pIC50,,6.1
Cc1ncoc1-c1nnc(SCCCN2CCc3cc4nc(C5CC5)oc4cc3CC2)n1C,CHEMBL271280,IC50,nM,3981.07,pIC50,,5.4
Cc1ccc2c(-c3nnc(SCCCN4CCc5cc6nc(C7CC7)oc6cc5CC4)n3C)cccc2n1,CHEMBL272695,IC50,nM,1000.0,pIC50,,6.0
Cc1ncoc1-c1nnc(SCCCN2CCc3cc4nc(C(C)C)oc4cc3CC2)n1C,CHEMBL256016,IC50,nM,3981.07,pIC50,,5.4
Cc1ccc2c(-c3nnc(SCCCN4CCc5cc6nc(C(C)C)oc6cc5CC4)n3C)cccc2n1,CHEMBL256015,IC50,nM,1995.26,pIC50,,5.7
CCCc1nc2cc3c(cc2o1)CCN(CCCSc1nnc(-c2cccc4nc(C)ccc24)n1C)CC3,CHEMBL402826,IC50,nM,630.96,pIC50,,6.2
CCc1nc2cc3c(cc2o1)CCN(CCCSc1nnc(-c2ocnc2C)n1C)CC3,CHEMBL272546,IC50,nM,6309.57,pIC50,,5.2
CCc1nc2cc3c(cc2o1)CCN(CCCSc1nnc(-c2cccc4nc(C)ccc24)n1C)CC3,CHEMBL272545,IC50,nM,5011.87,pIC50,,5.3
Cc1ccc2c(-c3nnc(SCCCN4CCc5cc6ncoc6cc5CC4)n3C)cccc2n1,CHEMBL271844,IC50,nM,3981.07,pIC50,,5.4
Cc1ncoc1-c1nnc(SCCCN2CCc3cc4ncoc4cc3CC2)n1C,CHEMBL255621,IC50,nM,6309.57,pIC50,,5.2
Cc1nc2cc3c(cc2o1)CCN(CCCSc1nnc(-c2ocnc2C)n1C)CC3,CHEMBL255827,IC50,nM,31622.78,pIC50,,4.5
Cc1ccc2c(-c3nnc(SCCCN4CCc5cc6nc(C)oc6cc5CC4)n3C)cccc2n1,CHEMBL269959,IC50,nM,10000.0,pIC50,,5.0
Cc1ccc2c(-c3nnc(SCCC(C)N4CCc5cc6nc(C(F)(F)F)oc6c(Br)c5CC4)n3C)cccc2n1,CHEMBL255618,IC50,nM,1995.26,pIC50,,5.7
CCc1nc2cc3c(c(Br)c2o1)CCN(C(C)CCSc1nnc(-c2cccc4nc(C)ccc24)n1C)CC3,CHEMBL255417,IC50,nM,3162.28,pIC50,,5.5
Cc1ccc2c(-c3nnc(SCCC(C)N4CCc5cc6nc(C)oc6c(Br)c5CC4)n3C)cccc2n1,CHEMBL273165,IC50,nM,10000.0,pIC50,,5.0
Cc1ccc2c(-c3nnc(SCCC(C)N4CCc5cc6nc(C(F)(F)F)oc6c(C)c5CC4)n3C)cccc2n1,CHEMBL257525,IC50,nM,1000.0,pIC50,,6.0
CCc1nc2cc3c(c(C)c2o1)CCN(C(C)CCSc1nnc(-c2cccc4nc(C)ccc24)n1C)CC3,CHEMBL257524,IC50,nM,3981.07,pIC50,,5.4
Cc1ccc2c(-c3nnc(SCCC(C)N4CCc5cc6nc(C)oc6c(C)c5CC4)n3C)cccc2n1,CHEMBL270239,IC50,nM,12589.25,pIC50,,4.9
Cc1ccc2c(-c3nnc(SCCN4CCc5cc6nc(C(F)(F)F)oc6c(C)c5CC4)n3C)cccc2n1,CHEMBL257900,IC50,nM,398.11,pIC50,,6.4
CCc1nc2cc3c(c(C)c2o1)CCN(CCSc1nnc(-c2cccc4nc(C)ccc24)n1C)CC3,CHEMBL401777,IC50,nM,2511.89,pIC50,,5.6
Cc1ccc2c(-c3nnc(SCCN4CCc5cc6nc(C)oc6c(C)c5CC4)n3C)cccc2n1,CHEMBL257901,IC50,nM,12589.25,pIC50,,4.9
Cc1ccc2c(-c3nnc(SCCN4CCc5cc6nc(C(F)(F)F)oc6c(Br)c5CC4)n3C)cccc2n1,CHEMBL408208,IC50,nM,630.96,pIC50,,6.2
CCc1nc2cc3c(c(Br)c2o1)CCN(CCSc1nnc(-c2cccc4nc(C)ccc24)n1C)CC3,CHEMBL272378,IC50,nM,2511.89,pIC50,,5.6
Cc1ccc2c(-c3nnc(SCCN4CCc5cc6nc(C)oc6c(Br)c5CC4)n3C)cccc2n1,CHEMBL402015,IC50,nM,6309.57,pIC50,,5.2
Cc1ccc2c(-c3nnc(SCCN4CCc5cc6nc(C)oc6cc5CC4)n3C)cccc2n1,CHEMBL256650,IC50,nM,50118.72,pIC50,,4.3
Cc1ccc2c(-c3nnc(SCCCCN4CCc5cc6nc(C(F)(F)F)oc6c(C)c5CC4)n3C)cccc2n1,CHEMBL271097,IC50,nM,251.19,pIC50,,6.6
CCc1nc2cc3c(c(C)c2o1)CCN(CCCCSc1nnc(-c2cccc4nc(C)ccc24)n1C)CC3,CHEMBL269994,IC50,nM,1584.89,pIC50,,5.8
Cc1ccc2c(-c3nnc(SCCCCN4CCc5cc6nc(C)oc6c(C)c5CC4)n3C)cccc2n1,CHEMBL256481,IC50,nM,1584.89,pIC50,,5.8
Cc1ccc2c(-c3nnc(SCCCCN4CCc5cc6nc(C(F)(F)F)oc6c(Br)c5CC4)n3C)cccc2n1,CHEMBL257369,IC50,nM,251.19,pIC50,,6.6
CCc1nc2cc3c(c(Br)c2o1)CCN(CCCCSc1nnc(-c2cccc4nc(C)ccc24)n1C)CC3,CHEMBL256482,IC50,nM,1584.89,pIC50,,5.8
Cc1ccc2c(-c3nnc(SCCCCN4CCc5cc6nc(C)oc6c(Br)c5CC4)n3C)cccc2n1,CHEMBL271072,IC50,nM,5011.87,pIC50,,5.3
Cc1nc2cc3c(cc2o1)CCN(CCCCSc1nnc(-c2ocnc2C)n1C)CC3,CHEMBL271073,IC50,nM,50118.72,pIC50,,4.3
Cc1ccc2c(-c3nnc(SCCCN4CCc5cc6nc(C(C)(C)C)oc6c(C)c5CC4)n3C)cccc2n1,CHEMBL402087,IC50,nM,251.19,pIC50,,6.6
CCc1nc2cc3c(c(C)c2o1)CCN(CCCSc1nnc(-c2cccc4nc(C)ccc24)n1C)CC3,CHEMBL401752,IC50,nM,501.19,pIC50,,6.3
Cc1ccc2c(-c3nnc(SCCCN4CCc5cc6nc(C)oc6c(C)c5CC4)n3C)cccc2n1,CHEMBL272694,IC50,nM,5011.87,pIC50,,5.3
Cc1ccc2c(-c3nnc(SCCCN4CCc5cc6nc(C(C)(C)C)oc6c(Br)c5CC4)n3C)cccc2n1,CHEMBL255566,IC50,nM,398.11,pIC50,,6.4
CCc1nc2cc3c(c(Br)c2o1)CCN(CCCSc1nnc(-c2cccc4nc(C)ccc24)n1C)CC3,CHEMBL255778,IC50,nM,1258.93,pIC50,,5.9
Cc1ccc2c(-c3nnc(SCCCN4CCc5cc6nc(C)oc6c(Br)c5CC4)n3C)cccc2n1,CHEMBL255806,IC50,nM,2511.89,pIC50,,5.6
CCc1nc2cc3c(cc2s1)CCN(CCCSc1nnc(-c2ocnc2C)n1C)CC3,CHEMBL255567,IC50,nM,1258.93,pIC50,,5.9
CCc1nc2cc3c(cc2s1)CCN(CCCSc1nnc(-c2cccc4nc(C)ccc24)n1C)CC3,CHEMBL271631,IC50,nM,251.19,pIC50,,6.6
Cc1nc2cc3c(cc2s1)CCN(CCCSc1nnc(-c2ocnc2C)n1C)CC3,CHEMBL256471,IC50,nM,3162.28,pIC50,,5.5
Cc1ccc2c(-c3nnc(SCCCN4CCc5cc6nc(C)sc6cc5CC4)n3C)cccc2n1,CHEMBL271632,IC50,nM,2511.89,pIC50,,5.6
CCc1nn(C)c2cc3c(cc12)CCN(CCCSc1nnc(-c2cccc4nc(C)ccc24)n1C)CC3,CHEMBL256477,IC50,nM,1000.0,pIC50,,6.0
Cc1ccc2c(-c3nnc(SCCC(C)N4CCc5cc6c(cc5CC4)C(=O)N(C(C)C)C6)n3C)cccc2n1,CHEMBL272086,IC50,nM,2511.89,pIC50,,5.6
Cc1ccc2c(-c3nnc(SCCC(C)N4CCc5cc6c(cc5CC4)C(=O)N(C)C6)n3C)cccc2n1,CHEMBL272300,IC50,nM,39810.72,pIC50,,4.4
Cc1ccc2c(-c3nnc(SCCCCN4CCc5cc6c(cc5CC4)C(=O)N(C(C)C)C6)n3C)cccc2n1,CHEMBL270852,IC50,nM,3981.07,pIC50,,5.4
Cc1ccc2c(-c3nnc(SCCCCN4CCc5cc6c(cc5CC4)C(=O)N(C)C6)n3C)cccc2n1,CHEMBL270853,IC50,nM,31622.78,pIC50,,4.5
Cc1ccc2c(-c3nnc(SCCCN4CCc5cc6c(cc5CC4)C(=O)N(C(C)C)C6)n3C)cccc2n1,CHEMBL272478,IC50,nM,3981.07,pIC50,,5.4
Cc1cc2c(-c3nnc(SCCCN4CCc5ccc(-c6cc(C)nn6C)cc5CC4)n3C)cccc2cn1,CHEMBL273199,IC50,nM,1995.26,pIC50,,5.7
N#Cc1ccc2c(c1)CCN(CC[C@H]1CC[C@H](NC(=O)c3ccnc4ccccc34)CC1)C2,CHEMBL85606,IC50,nM,1995.26,pIC50,,5.7
COc1cc(CC(=O)Nc2cc(-n3nc(C)cc3C)nc(-c3ccc(C)o3)n2)cc(OC)c1,CHEMBL257670,IC50,nM,3000.0,IC50,uM,3.0
OCc1ccc(OC2CCN(CC3CCNCC3)CC2)cc1Cl,CHEMBL272241,IC50,nM,2951209.23,pIC50,,2.53
O=C(c1ccc(O)cc1OC[C@@H](O)CN1CCC2(CC1)Cc1cc(Cl)ccc1O2)N1C[C@H](O)CO1,CHEMBL439304,IC50,nM,25.12,pIC50,,7.6
COc1ccccc1Oc1cccc(CN2CCC3(CC2)CCN(C(=O)c2cccc[n+]2[O-])CC3)c1,CHEMBL411651,IC50,nM,15135.61,pIC50,,4.82
COc1ccccc1Oc1cccc(CN2CCC3(CC2)CCN(C(=O)c2cc[n+]([O-])cc2)CC3)c1,CHEMBL272022,IC50,nM,8511.38,pIC50,,5.07
O=C(c1cc[n+]([O-])cc1)N1CCC2(CCN(Cc3cccc(Oc4ccccc4)c3)CC2)CC1,CHEMBL409849,IC50,nM,14125.38,pIC50,,4.85
O=C(c1ccncn1)N1CCC2(CCN(Cc3cccc(Oc4ccccc4)c3)CC2)CC1,CHEMBL410885,IC50,nM,1412.54,pIC50,,5.85
O=C(c1ccncc1)N1CCC2(CCN(Cc3cccc(Oc4ccccc4)c3)CC2)CC1,CHEMBL271801,IC50,nM,363.08,pIC50,,6.44
COc1ccccc1Oc1cccc(CN2CCC3(CC2)CCN(C(=O)c2ccc(Cl)cc2)CC3)c1,CHEMBL409648,IC50,nM,100.0,pIC50,,7.0
O=C(c1ccc(Cl)cc1)N1CCC2(CCN(Cc3cccc(Oc4ccccc4)c3)CC2)CC1,CHEMBL429436,IC50,nM,81.28,pIC50,,7.09
COc1ccccc1Oc1ccccc1CN1CCC2(CC1)CCN(C(=O)c1cccc[n+]1[O-])CC2,CHEMBL270969,IC50,nM,1905.46,pIC50,,5.72
COc1ccccc1Oc1ccccc1CN1CCC2(CC1)CCN(C(=O)c1cc[n+]([O-])cc1)CC2,CHEMBL270971,IC50,nM,208.93,pIC50,,6.68
COc1ccccc1Oc1ccccc1CN1CCC2(CC1)CCN(C(=O)c1ccncc1)CC2,CHEMBL271128,IC50,nM,30.2,pIC50,,7.52
COc1ccccc1Oc1ccccc1CN1CCC2(CC1)CCN(C(=O)c1ccccn1)CC2,CHEMBL271127,IC50,nM,120.23,pIC50,,6.92
O=C(c1ccncc1)N1CCC2(CCN(Cc3ccccc3Oc3ccccc3)CC2)CC1,CHEMBL271768,IC50,nM,20.89,pIC50,,7.68
COc1ccccc1Oc1ccccc1CN1CCC2(CC1)CCN(C(=O)c1ccc(Cl)cc1)CC2,CHEMBL409224,IC50,nM,2.512,pIC50,,8.6
O=C(c1ccc(Cl)cc1)N1CCC2(CCN(Cc3ccccc3Oc3ccccc3)CC2)CC1,CHEMBL259243,IC50,nM,6.457,pIC50,,8.19
COc1ccccc1Oc1ccccc1CN1CCC2(CC1)CCN(C(=O)c1ccnc(N)c1)CC2,CHEMBL429924,IC50,nM,158489319.25,pIC50,,0.8
COc1ccccc1Oc1ccccc1CN1CCC2(CC1)CCN(C(=O)c1ccccn1)CC2,CHEMBL271127,IC50,nM,537031796.37,pIC50,,0.27
COc1ccccc1Oc1ccccc1CN1CCC2(CC1)CCN(C(=O)c1ccccc1-c1nnn[nH]1)CC2,CHEMBL410862,IC50,nM,512861383.99,pIC50,,0.29
COc1ccccc1Oc1ccccc1CN1CCC2(CC1)CCN(C(=O)c1cc(Cl)c(Cl)cc1C(=O)O)CC2,CHEMBL408483,IC50,nM,954992586.02,pIC50,,0.02
O=C(O)c1ccccc1N1CCC(CN2CCC(Oc3ccc(CO)c(Cl)c3)CC2)CC1,CHEMBL409449,IC50,nM,645654229.03,pIC50,,0.19
O=C(O)c1cccc(N2CCC(CN3CCC(Oc4ccc(CO)c(Cl)c4)CC3)CC2)c1,CHEMBL270116,IC50,nM,512861383.99,pIC50,,0.29
O=C(O)[C@H](Cc1ccccc1)N1CCC(CN2CCC(Oc3ccc(CO)c(Cl)c3)CC2)CC1,CHEMBL272842,IC50,nM,758577575.03,pIC50,,0.12
N#CCCN1CCC(CN2CCC(Oc3ccc(CO)c(Cl)c3)CC2)CC1,CHEMBL271766,IC50,nM,251188643.15,pIC50,,0.6
COc1ccccc1Oc1ccccc1CN1CCC2(CC1)CCN(C(=O)c1ccccc1C(=O)O)CC2,CHEMBL272441,IC50,nM,43651583.22,pIC50,,1.36
COc1ccccc1Oc1ccccc1CN1CCC2(CC1)CCN(C(=O)c1cc(N)ccn1)CC2,CHEMBL272846,IC50,nM,6165950.02,pIC50,,2.21
Cc1ccc(C(=O)O)c(C(=O)N2CCC(CN3CCC(Oc4ccc(CO)c(Cl)c4)CC3)CC2)c1,CHEMBL429763,IC50,nM,100000000.0,pIC50,,1.0
O=C(O)c1ccccc1C(=O)N1CCC(CN2CCC(Oc3ccc(CO)c(Cl)c3)CC2)CC1,CHEMBL272242,IC50,nM,97723722.1,pIC50,,1.01
CS(=O)(=O)c1ccc(CC(C(=O)O)N2CCC(CN3CCC(Oc4ccc(CO)c(Cl)c4)CC3)CC2)cc1,CHEMBL429581,IC50,nM,85113803.82,pIC50,,1.07
O=C(O)c1cccc(N2CCC(CN3CCC(Oc4ccc(CO)c(Cl)c4)CC3)CC2)n1,CHEMBL271998,IC50,nM,66069344.8,pIC50,,1.18
O=C(O)CN1CCC(CN2CCC(Oc3ccc(CO)c(Cl)c3)CC2)CC1,CHEMBL406028,IC50,nM,64565422.9,pIC50,,1.19
Cc1ncc(N2CCC(CN3CCC(Oc4ccc(CO)c(Cl)c4)CC3)CC2)cc1C(=O)O,CHEMBL411448,IC50,nM,37153522.91,pIC50,,1.43
O=C(O)[C@H](Cc1ccccn1)N1CCC(CN2CCC(Oc3ccc(CO)c(Cl)c3)CC2)CC1,CHEMBL271405,IC50,nM,33113112.15,pIC50,,1.48
CCC1C[C@H](N2CCC(CN3CCC(Oc4ccc(CO)c(Cl)c4)CC3)CC2)C(=O)O1,CHEMBL271971,IC50,nM,28183829.31,pIC50,,1.55
COC(=O)CCCN1CCC(CN2CCC(Oc3ccc(CO)c(Cl)c3)CC2)CC1,CHEMBL402450,IC50,nM,20417379.45,pIC50,,1.69
COc1ccc(-c2ccc(NC(=O)Nc3cc(C)ccc3F)cc2)c2c(N)noc12,CHEMBL270084,IC50,nM,30000.0,IC50,uM,30.0
COc1ccc(-c2ccc(NC(=O)Nc3cccc(C(F)(F)F)c3)cc2)c2c(N)noc12,CHEMBL430090,IC50,nM,30000.0,IC50,uM,30.0
COc1ccc(N2C(=O)[C@@H](Cc3cccc(OCCc4nc(-c5ccccc5)oc4C)c3)[C@H]2C(=O)O)cc1,CHEMBL271240,IC50,nM,80000.0,IC50,uM,80.0
Cc1oc(-c2ccc(Cl)cc2)nc1CCOc1cccc(C[C@@H]2C(=O)N(c3ccc(C(C)(C)C)cc3)[C@@H]2C(=O)O)c1,CHEMBL272336,IC50,nM,1300.0,IC50,uM,1.3
COc1ccc(-c2nc(CCOc3cccc(C[C@@H]4C(=O)N(c5ccc(C(C)(C)C)cc5)[C@@H]4C(=O)O)c3)c(C)o2)cc1,CHEMBL257517,IC50,nM,3200.0,IC50,uM,3.2
Cc1oc(-c2cccc(Cl)c2)nc1CCOc1cccc(C[C@@H]2C(=O)N(c3ccc(C(C)(C)C)cc3)[C@@H]2C(=O)O)c1,CHEMBL429734,IC50,nM,1800.0,IC50,uM,1.8
COc1cccc(-c2nc(CCOc3cccc(C[C@@H]4C(=O)N(c5ccc(C(C)(C)C)cc5)[C@@H]4C(=O)O)c3)c(C)o2)c1,CHEMBL404646,IC50,nM,2100.0,IC50,uM,2.1
Cc1oc(-c2ccccc2)nc1CCOc1ccc(C[C@@H]2C(=O)N(c3ccc(C(C)(C)C)cc3)[C@@H]2C(=O)O)cc1,CHEMBL256468,IC50,nM,18100.0,IC50,uM,18.1
Cc1oc(-c2ccccc2)nc1CCOc1cccc(C[C@@H]2C(=O)N(c3ccc(C(C)(C)C)cc3)[C@@H]2C(=O)O)c1,CHEMBL255389,IC50,nM,6200.0,IC50,uM,6.2
COc1ccc(N2C(=O)[C@@H](Cc3ccc(OCCc4nc(-c5ccccc5)oc4C)cc3)[C@H]2C(=O)O)cc1,CHEMBL411118,IC50,nM,54000.0,IC50,uM,54.0
CN(C)C(=O)C(N)c1ccc(C(=O)Nc2cc(-c3cccs3)ccc2N)cc1,CHEMBL258132,IC50,nM,6800.0,IC50,uM,6.8
CCOC(=O)C(N)c1ccc(C(=O)Nc2cc(-c3cccs3)ccc2N)cc1,CHEMBL402911,IC50,nM,5700.0,IC50,uM,5.7
Cc1cc(C)n(-c2cc(NC(=O)CN3CCN(C)CC3)nc(-c3ccc(C)o3)n2)n1,CHEMBL270467,IC50,nM,950.0,IC50,nM,950.0
Cc1cc(C)n(-c2cc(NC(=O)CCN3CC[C@H](N(C)C)C3)nc(-c3ccc(C)o3)n2)n1,CHEMBL270314,IC50,nM,2280.0,IC50,nM,2280.0
Cc1cc(C)n(-c2cc(NC(=O)CCN(C)C)nc(-c3ccc(C)o3)n2)n1,CHEMBL410234,IC50,nM,650.0,IC50,nM,650.0
Cc1cc(C)n(-c2cc(NC(=O)CN3CC[C@@H](CN(C)C)C3)nc(-c3ccc(C)o3)n2)n1,CHEMBL272637,IC50,nM,1010.0,IC50,nM,1010.0
Cc1cc(C)n(-c2cc(NC(=O)CN3CC[C@H](CN(C)C)C3)nc(-c3ccc(C)o3)n2)n1,CHEMBL429761,IC50,nM,1860.0,IC50,nM,1860.0
CCN[C@H]1CCN(CC(=O)Nc2cc(-n3nc(C)cc3C)nc(-c3ccc(C)o3)n2)C1,CHEMBL409229,IC50,nM,420.0,IC50,nM,420.0
Cc1cc(C)n(-c2cc(NC(=O)CN3CC[C@H](N(C)C)C3)nc(-c3ccc(C)o3)n2)n1,CHEMBL271606,IC50,nM,600.0,IC50,nM,600.0
Cc1cc(C)n(-c2cc(NC(=O)CC3CCN(C)CC3)nc(-c3ccc(C)o3)n2)n1,CHEMBL272679,IC50,nM,4170.0,IC50,nM,4170.0
Cc1cc(C)n(-c2cc(NC(=O)CN3CCC(CN(C)C)CC3)nc(-c3ccc(C)o3)n2)n1,CHEMBL409459,IC50,nM,1670.0,IC50,nM,1670.0
Cc1cc(C)n(-c2cc(NC(=O)CN3CCCN(C)CC3)nc(-c3ccc(C)o3)n2)n1,CHEMBL409419,IC50,nM,285.0,IC50,nM,285.0
CCc1ccccc1Oc1cc(C)ncc1CN(C)C,CHEMBL436673,IC50,nM,20000.0,IC50,uM,20.0
C[C@H](c1nc(-c2ccc(S(C)(=O)=O)cc2Cl)no1)[C@H](N)C(=O)N1CCCC1.O=C(O)C(F)(F)F,CHEMBL437206,IC50,nM,37000.0,IC50,uM,37.0
CS(=O)(=O)c1ccc(-c2noc([C@@H](CC3CC3)[C@H](N)C(F)=C3CCCC3)n2)c(Cl)c1.O=C(O)C(F)(F)F,CHEMBL402163,IC50,nM,7100.0,IC50,uM,7.1
